{
 "type": "FeatureCollection",
 "properties": {
  "name": "Mkuranga Plots Project",
  "source": "Digitized from MKURANGA_PLOTS_PROJECT.pdf (survey plan)",
  "note": "Approximate reconstruction: plot shapes/relative layout are derived from the survey drawing's vector geometry; the whole layout is anchored (centered) near Mkuranga town, Coast Region, Tanzania since the source PDF has no GPS reference. Plot ID numbers were read via OCR and may contain occasional errors.",
  "anchor_lat": -7.116667,
  "anchor_lon": 39.2
 },
 "features": [
  {
   "type": "Feature",
   "properties": {
    "plot_number": "602",
    "area_sqm": 96.6
   },
   "geometry": {
    "type": "Polygon",
    "coordinates": [
     [
      [
       39.1986818,
       -7.116783
      ],
      [
       39.1986897,
       -7.1168411
      ],
      [
       39.1988009,
       -7.1168391
      ],
      [
       39.1987989,
       -7.1167396
      ],
      [
       39.1987433,
       -7.1167416
      ],
      [
       39.1987364,
       -7.1167642
      ],
      [
       39.1986818,
       -7.116783
      ]
     ]
    ]
   }
  },
  {
   "type": "Feature",
   "properties": {
    "plot_number": "802",
    "area_sqm": 107.0
   },
   "geometry": {
    "type": "Polygon",
    "coordinates": [
     [
      [
       39.1986897,
       -7.116848
      ],
      [
       39.1987086,
       -7.1168893
      ],
      [
       39.1987036,
       -7.1169494
      ],
      [
       39.1988009,
       -7.1169474
      ],
      [
       39.1987989,
       -7.116847
      ],
      [
       39.1986897,
       -7.116848
      ]
     ]
    ]
   }
  },
  {
   "type": "Feature",
   "properties": {
    "plot_number": "185",
    "area_sqm": 177.5
   },
   "geometry": {
    "type": "Polygon",
    "coordinates": [
     [
      [
       39.1987066,
       -7.1169858
      ],
      [
       39.1987205,
       -7.1170863
      ],
      [
       39.1988734,
       -7.1170853
      ],
      [
       39.1988714,
       -7.1169849
      ],
      [
       39.1987066,
       -7.1169858
      ]
     ]
    ]
   }
  },
  {
   "type": "Feature",
   "properties": {
    "plot_number": "335",
    "area_sqm": 90.8
   },
   "geometry": {
    "type": "Polygon",
    "coordinates": [
     [
      [
       39.1987126,
       -7.1158029
      ],
      [
       39.1987275,
       -7.1158532
      ],
      [
       39.198789,
       -7.1158532
      ],
      [
       39.198792,
       -7.1158384
      ],
      [
       39.1989031,
       -7.1158512
      ],
      [
       39.1989012,
       -7.1158029
      ],
      [
       39.1987126,
       -7.1158029
      ]
     ]
    ]
   }
  },
  {
   "type": "Feature",
   "properties": {
    "plot_number": "336",
    "area_sqm": 91.3
   },
   "geometry": {
    "type": "Polygon",
    "coordinates": [
     [
      [
       39.1987165,
       -7.1157675
      ],
      [
       39.1987334,
       -7.115797
      ],
      [
       39.1989031,
       -7.115796
      ],
      [
       39.1989012,
       -7.1157448
      ],
      [
       39.1987354,
       -7.1157665
      ],
      [
       39.1987314,
       -7.1157448
      ],
      [
       39.1987165,
       -7.1157675
      ]
     ]
    ]
   }
  },
  {
   "type": "Feature",
   "properties": {
    "plot_number": "184",
    "area_sqm": 160.3
   },
   "geometry": {
    "type": "Polygon",
    "coordinates": [
     [
      [
       39.1987205,
       -7.1170922
      ],
      [
       39.1987344,
       -7.1171947
      ],
      [
       39.1988734,
       -7.1171927
      ],
      [
       39.1988714,
       -7.1170922
      ],
      [
       39.1987205,
       -7.1170922
      ]
     ]
    ]
   }
  },
  {
   "type": "Feature",
   "properties": {
    "plot_number": "165",
    "area_sqm": 99.2
   },
   "geometry": {
    "type": "Polygon",
    "coordinates": [
     [
      [
       39.1987374,
       -7.1172311
      ],
      [
       39.1987533,
       -7.1172429
      ],
      [
       39.1987463,
       -7.1172961
      ],
      [
       39.1989031,
       -7.1172941
      ],
      [
       39.1988833,
       -7.1172301
      ],
      [
       39.1987374,
       -7.1172311
      ]
     ]
    ]
   }
  },
  {
   "type": "Feature",
   "properties": {
    "plot_number": "337",
    "area_sqm": 92.0
   },
   "geometry": {
    "type": "Polygon",
    "coordinates": [
     [
      [
       39.1987453,
       -7.1157389
      ],
      [
       39.1989012,
       -7.1157389
      ],
      [
       39.1989031,
       -7.1156759
      ],
      [
       39.1987642,
       -7.1156739
      ],
      [
       39.198795,
       -7.1156887
      ],
      [
       39.1987602,
       -7.1156847
      ],
      [
       39.1987453,
       -7.1157389
      ]
     ]
    ]
   }
  },
  {
   "type": "Feature",
   "properties": {
    "plot_number": "164",
    "area_sqm": 95.8
   },
   "geometry": {
    "type": "Polygon",
    "coordinates": [
     [
      [
       39.1987463,
       -7.117303
      ],
      [
       39.1987632,
       -7.1173217
      ],
      [
       39.1987552,
       -7.117368
      ],
      [
       39.1989031,
       -7.117366
      ],
      [
       39.1988783,
       -7.117302
      ],
      [
       39.1987463,
       -7.117303
      ]
     ]
    ]
   }
  },
  {
   "type": "Feature",
   "properties": {
    "plot_number": "163",
    "area_sqm": 86.5
   },
   "geometry": {
    "type": "Polygon",
    "coordinates": [
     [
      [
       39.1987552,
       -7.1173749
      ],
      [
       39.1987642,
       -7.1174399
      ],
      [
       39.1989031,
       -7.1174379
      ],
      [
       39.1988754,
       -7.1173739
      ],
      [
       39.1987552,
       -7.1173749
      ]
     ]
    ]
   }
  },
  {
   "type": "Feature",
   "properties": {
    "plot_number": "338",
    "area_sqm": 85.2
   },
   "geometry": {
    "type": "Polygon",
    "coordinates": [
     [
      [
       39.1987632,
       -7.115668
      ],
      [
       39.1989022,
       -7.115668
      ],
      [
       39.1988912,
       -7.1156168
      ],
      [
       39.1989031,
       -7.115603
      ],
      [
       39.1987771,
       -7.115601
      ],
      [
       39.1987632,
       -7.115668
      ]
     ]
    ]
   }
  },
  {
   "type": "Feature",
   "properties": {
    "plot_number": "245",
    "area_sqm": 162.8
   },
   "geometry": {
    "type": "Polygon",
    "coordinates": [
     [
      [
       39.1988128,
       -7.1162196
      ],
      [
       39.1988376,
       -7.1162924
      ],
      [
       39.1988297,
       -7.1163269
      ],
      [
       39.1989577,
       -7.1163309
      ],
      [
       39.1989577,
       -7.1162205
      ],
      [
       39.1988128,
       -7.1162196
      ]
     ]
    ]
   }
  },
  {
   "type": "Feature",
   "properties": {
    "plot_number": "244",
    "area_sqm": 139.5
   },
   "geometry": {
    "type": "Polygon",
    "coordinates": [
     [
      [
       39.1988317,
       -7.1163387
      ],
      [
       39.1988525,
       -7.116388
      ],
      [
       39.1988486,
       -7.116451
      ],
      [
       39.1989577,
       -7.11645
      ],
      [
       39.1989558,
       -7.1163387
      ],
      [
       39.1988317,
       -7.1163387
      ]
     ]
    ]
   }
  },
  {
   "type": "Feature",
   "properties": {
    "plot_number": "182",
    "area_sqm": 148.7
   },
   "geometry": {
    "type": "Polygon",
    "coordinates": [
     [
      [
       39.1988803,
       -7.1171947
      ],
      [
       39.198929,
       -7.1171819
      ],
      [
       39.1990183,
       -7.1171927
      ],
      [
       39.1990183,
       -7.1170952
      ],
      [
       39.1988813,
       -7.1170922
      ],
      [
       39.1988803,
       -7.1171947
      ]
     ]
    ]
   }
  },
  {
   "type": "Feature",
   "properties": {
    "plot_number": "183",
    "area_sqm": 150.0
   },
   "geometry": {
    "type": "Polygon",
    "coordinates": [
     [
      [
       39.1988793,
       -7.1170853
      ],
      [
       39.1990163,
       -7.1170863
      ],
      [
       39.1990183,
       -7.1169868
      ],
      [
       39.1988803,
       -7.1169849
      ],
      [
       39.1988793,
       -7.1170853
      ]
     ]
    ]
   }
  },
  {
   "type": "Feature",
   "properties": {
    "plot_number": "204",
    "area_sqm": 147.2
   },
   "geometry": {
    "type": "Polygon",
    "coordinates": [
     [
      [
       39.1988803,
       -7.1169494
      ],
      [
       39.198926,
       -7.1169494
      ],
      [
       39.1989299,
       -7.1169356
      ],
      [
       39.1990183,
       -7.1169474
      ],
      [
       39.1990183,
       -7.1168499
      ],
      [
       39.1988813,
       -7.116847
      ],
      [
       39.1988803,
       -7.1169494
      ]
     ]
    ]
   }
  },
  {
   "type": "Feature",
   "properties": {
    "plot_number": "205",
    "area_sqm": 147.9
   },
   "geometry": {
    "type": "Polygon",
    "coordinates": [
     [
      [
       39.1988793,
       -7.1168401
      ],
      [
       39.1990163,
       -7.1168411
      ],
      [
       39.1990183,
       -7.1167416
      ],
      [
       39.1988803,
       -7.1167396
      ],
      [
       39.1988793,
       -7.1168401
      ]
     ]
    ]
   }
  },
  {
   "type": "Feature",
   "properties": {
    "plot_number": "159",
    "area_sqm": 150.1
   },
   "geometry": {
    "type": "Polygon",
    "coordinates": [
     [
      [
       39.1989409,
       -7.1175118
      ],
      [
       39.1990401,
       -7.1175118
      ],
      [
       39.1990232,
       -7.1174941
      ],
      [
       39.1990421,
       -7.117502
      ],
      [
       39.1990401,
       -7.1173739
      ],
      [
       39.1989389,
       -7.1173759
      ],
      [
       39.1989409,
       -7.1175118
      ]
     ]
    ]
   }
  },
  {
   "type": "Feature",
   "properties": {
    "plot_number": "161",
    "area_sqm": 143.3
   },
   "geometry": {
    "type": "Polygon",
    "coordinates": [
     [
      [
       39.1989409,
       -7.117368
      ],
      [
       39.1990421,
       -7.117366
      ],
      [
       39.1990401,
       -7.1172301
      ],
      [
       39.1989419,
       -7.1172449
      ],
      [
       39.1989409,
       -7.117368
      ]
     ]
    ]
   }
  },
  {
   "type": "Feature",
   "properties": {
    "plot_number": "322",
    "area_sqm": 142.6
   },
   "geometry": {
    "type": "Polygon",
    "coordinates": [
     [
      [
       39.1989627,
       -7.1161831
      ],
      [
       39.1990421,
       -7.1161811
      ],
      [
       39.1990401,
       -7.1160452
      ],
      [
       39.1989389,
       -7.1160472
      ],
      [
       39.1989389,
       -7.1161585
      ],
      [
       39.1989627,
       -7.1161831
      ]
     ]
    ]
   }
  },
  {
   "type": "Feature",
   "properties": {
    "plot_number": "324",
    "area_sqm": 149.8
   },
   "geometry": {
    "type": "Polygon",
    "coordinates": [
     [
      [
       39.1989389,
       -7.1160383
      ],
      [
       39.1989518,
       -7.1160285
      ],
      [
       39.1989667,
       -7.1160393
      ],
      [
       39.1990421,
       -7.1160373
      ],
      [
       39.1990401,
       -7.1159014
      ],
      [
       39.1989389,
       -7.1159034
      ],
      [
       39.1989389,
       -7.1160383
      ]
     ]
    ]
   }
  },
  {
   "type": "Feature",
   "properties": {
    "plot_number": "326",
    "area_sqm": 146.4
   },
   "geometry": {
    "type": "Polygon",
    "coordinates": [
     [
      [
       39.1989409,
       -7.1158955
      ],
      [
       39.1990421,
       -7.1158935
      ],
      [
       39.1990401,
       -7.1157576
      ],
      [
       39.1989389,
       -7.1157596
      ],
      [
       39.1989409,
       -7.1158955
      ]
     ]
    ]
   }
  },
  {
   "type": "Feature",
   "properties": {
    "plot_number": "310",
    "area_sqm": 142.8
   },
   "geometry": {
    "type": "Polygon",
    "coordinates": [
     [
      [
       39.1989637,
       -7.1156562
      ],
      [
       39.1989816,
       -7.1156434
      ],
      [
       39.1990421,
       -7.1156542
      ],
      [
       39.1990401,
       -7.1155183
      ],
      [
       39.1989389,
       -7.1155203
      ],
      [
       39.1989389,
       -7.1156315
      ],
      [
       39.1989637,
       -7.1156562
      ]
     ]
    ]
   }
  },
  {
   "type": "Feature",
   "properties": {
    "plot_number": "311",
    "area_sqm": 148.6
   },
   "geometry": {
    "type": "Polygon",
    "coordinates": [
     [
      [
       39.1989409,
       -7.1155124
      ],
      [
       39.1990421,
       -7.1155114
      ],
      [
       39.1990401,
       -7.1153755
      ],
      [
       39.1989389,
       -7.1153774
      ],
      [
       39.1989389,
       -7.1154986
      ],
      [
       39.1989647,
       -7.1155045
      ],
      [
       39.1989409,
       -7.1155124
      ]
     ]
    ]
   }
  },
  {
   "type": "Feature",
   "properties": {
    "plot_number": "312",
    "area_sqm": 89.3
   },
   "geometry": {
    "type": "Polygon",
    "coordinates": [
     [
      [
       39.1989409,
       -7.1153696
      ],
      [
       39.1990421,
       -7.1153676
      ],
      [
       39.1990411,
       -7.1152474
      ],
      [
       39.1989419,
       -7.1153242
      ],
      [
       39.1989409,
       -7.1153696
      ]
     ]
    ]
   }
  },
  {
   "type": "Feature",
   "properties": {
    "plot_number": "224",
    "area_sqm": 145.8
   },
   "geometry": {
    "type": "Polygon",
    "coordinates": [
     [
      [
       39.1989518,
       -7.1166963
      ],
      [
       39.1990401,
       -7.1166854
      ],
      [
       39.1990431,
       -7.1166973
      ],
      [
       39.1990888,
       -7.1166973
      ],
      [
       39.1990888,
       -7.1165958
      ],
      [
       39.1989528,
       -7.1165958
      ],
      [
       39.1989518,
       -7.1166963
      ]
     ]
    ]
   }
  },
  {
   "type": "Feature",
   "properties": {
    "plot_number": "225",
    "area_sqm": 147.2
   },
   "geometry": {
    "type": "Polygon",
    "coordinates": [
     [
      [
       39.1989518,
       -7.1165889
      ],
      [
       39.1990898,
       -7.1165889
      ],
      [
       39.1990898,
       -7.1164894
      ],
      [
       39.1989528,
       -7.1164885
      ],
      [
       39.1989518,
       -7.1165889
      ]
     ]
    ]
   }
  },
  {
   "type": "Feature",
   "properties": {
    "plot_number": "282",
    "area_sqm": 449.5
   },
   "geometry": {
    "type": "Polygon",
    "coordinates": [
     [
      [
       39.1989587,
       -7.1156778
      ],
      [
       39.1999176,
       -7.1156956
      ],
      [
       39.1999225,
       -7.1154493
      ],
      [
       39.1994203,
       -7.115667
      ],
      [
       39.1994114,
       -7.1150908
      ],
      [
       39.1994143,
       -7.1156641
      ],
      [
       39.1989587,
       -7.1156778
      ]
     ]
    ]
   }
  },
  {
   "type": "Feature",
   "properties": {
    "plot_number": "242",
    "area_sqm": 166.6
   },
   "geometry": {
    "type": "Polygon",
    "coordinates": [
     [
      [
       39.1989637,
       -7.116451
      ],
      [
       39.199052,
       -7.1164402
      ],
      [
       39.199054,
       -7.116452
      ],
      [
       39.1991007,
       -7.116452
      ],
      [
       39.1991027,
       -7.1163407
      ],
      [
       39.1989647,
       -7.1163387
      ],
      [
       39.1989637,
       -7.116451
      ]
     ]
    ]
   }
  },
  {
   "type": "Feature",
   "properties": {
    "plot_number": "243",
    "area_sqm": 166.2
   },
   "geometry": {
    "type": "Polygon",
    "coordinates": [
     [
      [
       39.1989637,
       -7.116321
      ],
      [
       39.1991007,
       -7.1163328
      ],
      [
       39.1991027,
       -7.1162205
      ],
      [
       39.1990768,
       -7.1162324
      ],
      [
       39.1990858,
       -7.1162186
      ],
      [
       39.1989657,
       -7.1162186
      ],
      [
       39.1989637,
       -7.116321
      ]
     ]
    ]
   }
  },
  {
   "type": "Feature",
   "properties": {
    "plot_number": "180",
    "area_sqm": 147.7
   },
   "geometry": {
    "type": "Polygon",
    "coordinates": [
     [
      [
       39.1990252,
       -7.1171947
      ],
      [
       39.1990709,
       -7.1171947
      ],
      [
       39.1990729,
       -7.1171819
      ],
      [
       39.1991602,
       -7.1171947
      ],
      [
       39.1991622,
       -7.1170942
      ],
      [
       39.1990252,
       -7.1170922
      ],
      [
       39.1990252,
       -7.1171947
      ]
     ]
    ]
   }
  },
  {
   "type": "Feature",
   "properties": {
    "plot_number": "181",
    "area_sqm": 149.1
   },
   "geometry": {
    "type": "Polygon",
    "coordinates": [
     [
      [
       39.1990242,
       -7.1170853
      ],
      [
       39.1991612,
       -7.1170863
      ],
      [
       39.1991622,
       -7.1169868
      ],
      [
       39.1990252,
       -7.1169849
      ],
      [
       39.1990242,
       -7.1170853
      ]
     ]
    ]
   }
  },
  {
   "type": "Feature",
   "properties": {
    "plot_number": "202",
    "area_sqm": 146.2
   },
   "geometry": {
    "type": "Polygon",
    "coordinates": [
     [
      [
       39.1990252,
       -7.1169494
      ],
      [
       39.1990709,
       -7.1169494
      ],
      [
       39.1990749,
       -7.1169356
      ],
      [
       39.1991602,
       -7.1169494
      ],
      [
       39.1991622,
       -7.1168489
      ],
      [
       39.1990252,
       -7.116847
      ],
      [
       39.1990252,
       -7.1169494
      ]
     ]
    ]
   }
  },
  {
   "type": "Feature",
   "properties": {
    "plot_number": "203",
    "area_sqm": 147.3
   },
   "geometry": {
    "type": "Polygon",
    "coordinates": [
     [
      [
       39.1990242,
       -7.1168401
      ],
      [
       39.199051,
       -7.1168292
      ],
      [
       39.199053,
       -7.1168411
      ],
      [
       39.1991612,
       -7.1168411
      ],
      [
       39.1991612,
       -7.1167396
      ],
      [
       39.1990252,
       -7.1167396
      ],
      [
       39.1990242,
       -7.1168401
      ]
     ]
    ]
   }
  },
  {
   "type": "Feature",
   "properties": {
    "plot_number": "158",
    "area_sqm": 144.2
   },
   "geometry": {
    "type": "Polygon",
    "coordinates": [
     [
      [
       39.19905,
       -7.1175118
      ],
      [
       39.1991483,
       -7.1175118
      ],
      [
       39.1991245,
       -7.1175098
      ],
      [
       39.1991503,
       -7.117497
      ],
      [
       39.1991483,
       -7.1173739
      ],
      [
       39.1990481,
       -7.1173759
      ],
      [
       39.19905,
       -7.1175118
      ]
     ]
    ]
   }
  },
  {
   "type": "Feature",
   "properties": {
    "plot_number": "160",
    "area_sqm": 130.7
   },
   "geometry": {
    "type": "Polygon",
    "coordinates": [
     [
      [
       39.1990491,
       -7.117368
      ],
      [
       39.1991493,
       -7.117368
      ],
      [
       39.1991304,
       -7.1172301
      ],
      [
       39.1990481,
       -7.1172321
      ],
      [
       39.1990481,
       -7.1173532
      ],
      [
       39.1990739,
       -7.1173611
      ],
      [
       39.1990491,
       -7.117368
      ]
     ]
    ]
   }
  },
  {
   "type": "Feature",
   "properties": {
    "plot_number": "321",
    "area_sqm": 135.8
   },
   "geometry": {
    "type": "Polygon",
    "coordinates": [
     [
      [
       39.1990481,
       -7.1161821
      ],
      [
       39.1991235,
       -7.1161831
      ],
      [
       39.1991503,
       -7.1161595
      ],
      [
       39.1991483,
       -7.1160452
      ],
      [
       39.1990481,
       -7.1160472
      ],
      [
       39.1990481,
       -7.1161821
      ]
     ]
    ]
   }
  },
  {
   "type": "Feature",
   "properties": {
    "plot_number": "323",
    "area_sqm": 138.2
   },
   "geometry": {
    "type": "Polygon",
    "coordinates": [
     [
      [
       39.1990481,
       -7.1160285
      ],
      [
       39.1991503,
       -7.1160285
      ],
      [
       39.1991503,
       -7.115993
      ],
      [
       39.1991364,
       -7.1159891
      ],
      [
       39.1991483,
       -7.1159014
      ],
      [
       39.1990481,
       -7.1159034
      ],
      [
       39.1990481,
       -7.1160285
      ]
     ]
    ]
   }
  },
  {
   "type": "Feature",
   "properties": {
    "plot_number": "325",
    "area_sqm": 137.5
   },
   "geometry": {
    "type": "Polygon",
    "coordinates": [
     [
      [
       39.1990481,
       -7.1158847
      ],
      [
       39.1991503,
       -7.1158827
      ],
      [
       39.1991483,
       -7.1157576
      ],
      [
       39.1990481,
       -7.1157596
      ],
      [
       39.1990481,
       -7.1158847
      ]
     ]
    ]
   }
  },
  {
   "type": "Feature",
   "properties": {
    "plot_number": "309",
    "area_sqm": 135.7
   },
   "geometry": {
    "type": "Polygon",
    "coordinates": [
     [
      [
       39.1990491,
       -7.1156562
      ],
      [
       39.1991245,
       -7.1156562
      ],
      [
       39.1991503,
       -7.1156315
      ],
      [
       39.1991483,
       -7.1155183
      ],
      [
       39.1990481,
       -7.1155203
      ],
      [
       39.1990491,
       -7.1156562
      ]
     ]
    ]
   }
  },
  {
   "type": "Feature",
   "properties": {
    "plot_number": "308",
    "area_sqm": 135.0
   },
   "geometry": {
    "type": "Polygon",
    "coordinates": [
     [
      [
       39.1990491,
       -7.1155124
      ],
      [
       39.1991503,
       -7.1155006
      ],
      [
       39.1991493,
       -7.1153755
      ],
      [
       39.1990481,
       -7.1153853
      ],
      [
       39.1990481,
       -7.1154986
      ],
      [
       39.1990729,
       -7.1155006
      ],
      [
       39.1990491,
       -7.1155124
      ]
     ]
    ]
   }
  },
  {
   "type": "Feature",
   "properties": {
    "plot_number": "306",
    "area_sqm": 98.0
   },
   "geometry": {
    "type": "Polygon",
    "coordinates": [
     [
      [
       39.1990481,
       -7.1152898
      ],
      [
       39.1991503,
       -7.1152848
      ],
      [
       39.1991503,
       -7.1151539
      ],
      [
       39.1991056,
       -7.1152061
      ],
      [
       39.19905,
       -7.1152277
      ],
      [
       39.1990481,
       -7.1152898
      ]
     ]
    ]
   }
  },
  {
   "type": "Feature",
   "properties": {
    "plot_number": "222",
    "area_sqm": 146.3
   },
   "geometry": {
    "type": "Polygon",
    "coordinates": [
     [
      [
       39.1990957,
       -7.1166963
      ],
      [
       39.199185,
       -7.1166854
      ],
      [
       39.199187,
       -7.1166973
      ],
      [
       39.1992337,
       -7.1166973
      ],
      [
       39.1992347,
       -7.1165978
      ],
      [
       39.1990977,
       -7.1165958
      ],
      [
       39.1990957,
       -7.1166963
      ]
     ]
    ]
   }
  },
  {
   "type": "Feature",
   "properties": {
    "plot_number": "223",
    "area_sqm": 148.3
   },
   "geometry": {
    "type": "Polygon",
    "coordinates": [
     [
      [
       39.1990957,
       -7.1165879
      ],
      [
       39.1992347,
       -7.1165889
      ],
      [
       39.1992347,
       -7.1164904
      ],
      [
       39.1990977,
       -7.1164885
      ],
      [
       39.1990957,
       -7.1165879
      ]
     ]
    ]
   }
  },
  {
   "type": "Feature",
   "properties": {
    "plot_number": "240",
    "area_sqm": 165.1
   },
   "geometry": {
    "type": "Polygon",
    "coordinates": [
     [
      [
       39.1991086,
       -7.116451
      ],
      [
       39.199197,
       -7.1164402
      ],
      [
       39.1991989,
       -7.116452
      ],
      [
       39.1992456,
       -7.116452
      ],
      [
       39.1992466,
       -7.1163397
      ],
      [
       39.1991096,
       -7.1163387
      ],
      [
       39.1991086,
       -7.116451
      ]
     ]
    ]
   }
  },
  {
   "type": "Feature",
   "properties": {
    "plot_number": "241",
    "area_sqm": 165.4
   },
   "geometry": {
    "type": "Polygon",
    "coordinates": [
     [
      [
       39.1991086,
       -7.116321
      ],
      [
       39.1992456,
       -7.1163328
      ],
      [
       39.1992466,
       -7.1162205
      ],
      [
       39.1992218,
       -7.1162324
      ],
      [
       39.1992307,
       -7.1162186
      ],
      [
       39.1991096,
       -7.1162186
      ],
      [
       39.1991086,
       -7.116321
      ]
     ]
    ]
   }
  },
  {
   "type": "Feature",
   "properties": {
    "plot_number": "301",
    "area_sqm": 186.7
   },
   "geometry": {
    "type": "Polygon",
    "coordinates": [
     [
      [
       39.1991582,
       -7.1152258
      ],
      [
       39.1992893,
       -7.1152238
      ],
      [
       39.1992873,
       -7.1150879
      ],
      [
       39.1991751,
       -7.1150908
      ],
      [
       39.1991563,
       -7.1151519
      ],
      [
       39.1991582,
       -7.1152258
      ]
     ]
    ]
   }
  },
  {
   "type": "Feature",
   "properties": {
    "plot_number": "178",
    "area_sqm": 148.3
   },
   "geometry": {
    "type": "Polygon",
    "coordinates": [
     [
      [
       39.1991682,
       -7.1171927
      ],
      [
       39.1992565,
       -7.1171819
      ],
      [
       39.1993051,
       -7.1171947
      ],
      [
       39.1993071,
       -7.1170942
      ],
      [
       39.1991702,
       -7.1170922
      ],
      [
       39.1991811,
       -7.1171641
      ],
      [
       39.1991682,
       -7.1171927
      ]
     ]
    ]
   }
  },
  {
   "type": "Feature",
   "properties": {
    "plot_number": "621",
    "area_sqm": 148.8
   },
   "geometry": {
    "type": "Polygon",
    "coordinates": [
     [
      [
       39.1991682,
       -7.1170853
      ],
      [
       39.1993061,
       -7.1170863
      ],
      [
       39.1993071,
       -7.1169868
      ],
      [
       39.1991702,
       -7.1169849
      ],
      [
       39.1991811,
       -7.1170568
      ],
      [
       39.1991682,
       -7.1170568
      ],
      [
       39.1991682,
       -7.1170853
      ]
     ]
    ]
   }
  },
  {
   "type": "Feature",
   "properties": {
    "plot_number": "002",
    "area_sqm": 146.7
   },
   "geometry": {
    "type": "Polygon",
    "coordinates": [
     [
      [
       39.1991682,
       -7.1169474
      ],
      [
       39.1993051,
       -7.1169494
      ],
      [
       39.1993071,
       -7.1168489
      ],
      [
       39.1991702,
       -7.116847
      ],
      [
       39.1991682,
       -7.1169474
      ]
     ]
    ]
   }
  },
  {
   "type": "Feature",
   "properties": {
    "plot_number": "201",
    "area_sqm": 145.7
   },
   "geometry": {
    "type": "Polygon",
    "coordinates": [
     [
      [
       39.1991682,
       -7.1168391
      ],
      [
       39.1993071,
       -7.1168292
      ],
      [
       39.1993061,
       -7.1167396
      ],
      [
       39.1991702,
       -7.1167396
      ],
      [
       39.1991811,
       -7.1167997
      ],
      [
       39.1991682,
       -7.1168391
      ]
     ]
    ]
   }
  },
  {
   "type": "Feature",
   "properties": {
    "plot_number": "302",
    "area_sqm": 138.0
   },
   "geometry": {
    "type": "Polygon",
    "coordinates": [
     [
      [
       39.1991781,
       -7.1150819
      ],
      [
       39.1993955,
       -7.1150819
      ],
      [
       39.1993975,
       -7.1150179
      ],
      [
       39.1992029,
       -7.115016
      ],
      [
       39.1991781,
       -7.1150819
      ]
     ]
    ]
   }
  },
  {
   "type": "Feature",
   "properties": {
    "plot_number": "150",
    "area_sqm": 134.3
   },
   "geometry": {
    "type": "Polygon",
    "coordinates": [
     [
      [
       39.199189,
       -7.117631
      ],
      [
       39.1992893,
       -7.1176655
      ],
      [
       39.1992873,
       -7.1175847
      ],
      [
       39.1992654,
       -7.1175837
      ],
      [
       39.1992873,
       -7.1175177
      ],
      [
       39.199187,
       -7.1175187
      ],
      [
       39.199189,
       -7.117631
      ]
     ]
    ]
   }
  },
  {
   "type": "Feature",
   "properties": {
    "plot_number": "152",
    "area_sqm": 141.2
   },
   "geometry": {
    "type": "Polygon",
    "coordinates": [
     [
      [
       39.199187,
       -7.1175098
      ],
      [
       39.1992893,
       -7.117499
      ],
      [
       39.1992853,
       -7.117434
      ],
      [
       39.1992654,
       -7.1174399
      ],
      [
       39.1992873,
       -7.1173739
      ],
      [
       39.199188,
       -7.1173739
      ],
      [
       39.199187,
       -7.1175098
      ]
     ]
    ]
   }
  },
  {
   "type": "Feature",
   "properties": {
    "plot_number": "154",
    "area_sqm": 135.4
   },
   "geometry": {
    "type": "Polygon",
    "coordinates": [
     [
      [
       39.199187,
       -7.117367
      ],
      [
       39.1992893,
       -7.1173552
      ],
      [
       39.1992644,
       -7.1172961
      ],
      [
       39.1992873,
       -7.1172301
      ],
      [
       39.199189,
       -7.1172449
      ],
      [
       39.199187,
       -7.117367
      ]
     ]
    ]
   }
  },
  {
   "type": "Feature",
   "properties": {
    "plot_number": "314",
    "area_sqm": 122.0
   },
   "geometry": {
    "type": "Polygon",
    "coordinates": [
     [
      [
       39.1992108,
       -7.1161831
      ],
      [
       39.1992893,
       -7.1161811
      ],
      [
       39.1992873,
       -7.116061
      ],
      [
       39.199187,
       -7.116063
      ],
      [
       39.199187,
       -7.1161575
      ],
      [
       39.1992108,
       -7.1161831
      ]
     ]
    ]
   }
  },
  {
   "type": "Feature",
   "properties": {
    "plot_number": "316",
    "area_sqm": 167.9
   },
   "geometry": {
    "type": "Polygon",
    "coordinates": [
     [
      [
       39.199187,
       -7.1160452
      ],
      [
       39.1992108,
       -7.1160433
      ],
      [
       39.1992118,
       -7.1160551
      ],
      [
       39.1992893,
       -7.1160531
      ],
      [
       39.1992873,
       -7.1159014
      ],
      [
       39.199188,
       -7.1159014
      ],
      [
       39.199187,
       -7.1160452
      ]
     ]
    ]
   }
  },
  {
   "type": "Feature",
   "properties": {
    "plot_number": "318",
    "area_sqm": 144.1
   },
   "geometry": {
    "type": "Polygon",
    "coordinates": [
     [
      [
       39.199187,
       -7.1158945
      ],
      [
       39.199192,
       -7.1158827
      ],
      [
       39.1992138,
       -7.1158955
      ],
      [
       39.1992893,
       -7.1158935
      ],
      [
       39.1992873,
       -7.1157576
      ],
      [
       39.199187,
       -7.1157694
      ],
      [
       39.199187,
       -7.1158945
      ]
     ]
    ]
   }
  },
  {
   "type": "Feature",
   "properties": {
    "plot_number": "295",
    "area_sqm": 140.8
   },
   "geometry": {
    "type": "Polygon",
    "coordinates": [
     [
      [
       39.199191,
       -7.1156444
      ],
      [
       39.1992893,
       -7.1156552
      ],
      [
       39.1992873,
       -7.1155183
      ],
      [
       39.199187,
       -7.1155203
      ],
      [
       39.199191,
       -7.1156444
      ]
     ]
    ]
   }
  },
  {
   "type": "Feature",
   "properties": {
    "plot_number": "262",
    "area_sqm": 146.4
   },
   "geometry": {
    "type": "Polygon",
    "coordinates": [
     [
      [
       39.199187,
       -7.1155025
      ],
      [
       39.1992893,
       -7.1155114
      ],
      [
       39.1992873,
       -7.1153755
      ],
      [
       39.1992555,
       -7.1153873
      ],
      [
       39.199187,
       -7.1153764
      ],
      [
       39.199187,
       -7.1155025
      ]
     ]
    ]
   }
  },
  {
   "type": "Feature",
   "properties": {
    "plot_number": "662",
    "area_sqm": 144.0
   },
   "geometry": {
    "type": "Polygon",
    "coordinates": [
     [
      [
       39.199188,
       -7.1153696
      ],
      [
       39.1992893,
       -7.1153676
      ],
      [
       39.1992873,
       -7.1152317
      ],
      [
       39.199187,
       -7.1152415
      ],
      [
       39.199187,
       -7.1153587
      ],
      [
       39.1992138,
       -7.1153636
      ],
      [
       39.199188,
       -7.1153696
      ]
     ]
    ]
   }
  },
  {
   "type": "Feature",
   "properties": {
    "plot_number": "303",
    "area_sqm": 119.2
   },
   "geometry": {
    "type": "Polygon",
    "coordinates": [
     [
      [
       39.1992019,
       -7.11501
      ],
      [
       39.1993707,
       -7.11501
      ],
      [
       39.1993965,
       -7.1149913
      ],
      [
       39.1993975,
       -7.114946
      ],
      [
       39.1992267,
       -7.1149441
      ],
      [
       39.1992019,
       -7.11501
      ]
     ]
    ]
   }
  },
  {
   "type": "Feature",
   "properties": {
    "plot_number": "304",
    "area_sqm": 98.2
   },
   "geometry": {
    "type": "Polygon",
    "coordinates": [
     [
      [
       39.1992267,
       -7.1149381
      ],
      [
       39.1993975,
       -7.1149372
      ],
      [
       39.1993855,
       -7.1149145
      ],
      [
       39.1993975,
       -7.1148791
      ],
      [
       39.1992506,
       -7.1148722
      ],
      [
       39.1992267,
       -7.1149381
      ]
     ]
    ]
   }
  },
  {
   "type": "Feature",
   "properties": {
    "plot_number": "022",
    "area_sqm": 146.8
   },
   "geometry": {
    "type": "Polygon",
    "coordinates": [
     [
      [
       39.1992406,
       -7.1166963
      ],
      [
       39.199329,
       -7.1166854
      ],
      [
       39.1993319,
       -7.1166973
      ],
      [
       39.1993786,
       -7.1166973
      ],
      [
       39.1993796,
       -7.1165978
      ],
      [
       39.1992426,
       -7.1165958
      ],
      [
       39.1992406,
       -7.1166963
      ]
     ]
    ]
   }
  },
  {
   "type": "Feature",
   "properties": {
    "plot_number": "221",
    "area_sqm": 149.5
   },
   "geometry": {
    "type": "Polygon",
    "coordinates": [
     [
      [
       39.1992406,
       -7.1165879
      ],
      [
       39.1993796,
       -7.1165889
      ],
      [
       39.1993796,
       -7.1164904
      ],
      [
       39.1992426,
       -7.1164885
      ],
      [
       39.1992406,
       -7.1165879
      ]
     ]
    ]
   }
  },
  {
   "type": "Feature",
   "properties": {
    "plot_number": "305",
    "area_sqm": 120.4
   },
   "geometry": {
    "type": "Polygon",
    "coordinates": [
     [
      [
       39.1992506,
       -7.1148662
      ],
      [
       39.1993965,
       -7.1148662
      ],
      [
       39.1993975,
       -7.1148219
      ],
      [
       39.199328,
       -7.1147825
      ],
      [
       39.1992932,
       -7.1147362
      ],
      [
       39.1992893,
       -7.1147973
      ],
      [
       39.1992506,
       -7.1148662
      ]
     ]
    ]
   }
  },
  {
   "type": "Feature",
   "properties": {
    "plot_number": "238",
    "area_sqm": 166.0
   },
   "geometry": {
    "type": "Polygon",
    "coordinates": [
     [
      [
       39.1992525,
       -7.116451
      ],
      [
       39.1993419,
       -7.1164402
      ],
      [
       39.1993439,
       -7.116452
      ],
      [
       39.1993905,
       -7.116452
      ],
      [
       39.1993915,
       -7.1163407
      ],
      [
       39.1992545,
       -7.1163387
      ],
      [
       39.1992525,
       -7.116451
      ]
     ]
    ]
   }
  },
  {
   "type": "Feature",
   "properties": {
    "plot_number": "239",
    "area_sqm": 166.1
   },
   "geometry": {
    "type": "Polygon",
    "coordinates": [
     [
      [
       39.1992525,
       -7.1163309
      ],
      [
       39.1993915,
       -7.1163309
      ],
      [
       39.1993905,
       -7.1162196
      ],
      [
       39.1992545,
       -7.1162186
      ],
      [
       39.1992525,
       -7.1163309
      ]
     ]
    ]
   }
  },
  {
   "type": "Feature",
   "properties": {
    "plot_number": "149",
    "area_sqm": 84.2
   },
   "geometry": {
    "type": "Polygon",
    "coordinates": [
     [
      [
       39.1993002,
       -7.1176655
      ],
      [
       39.1993776,
       -7.1176783
      ],
      [
       39.1993975,
       -7.117698
      ],
      [
       39.1993855,
       -7.1176615
      ],
      [
       39.1993975,
       -7.1175916
      ],
      [
       39.1992952,
       -7.1175906
      ],
      [
       39.1993002,
       -7.1176655
      ]
     ]
    ]
   }
  },
  {
   "type": "Feature",
   "properties": {
    "plot_number": "151",
    "area_sqm": 142.5
   },
   "geometry": {
    "type": "Polygon",
    "coordinates": [
     [
      [
       39.1992972,
       -7.1175837
      ],
      [
       39.1993975,
       -7.1175817
      ],
      [
       39.1993955,
       -7.1174458
      ],
      [
       39.1992952,
       -7.1174468
      ],
      [
       39.1992972,
       -7.1175837
      ]
     ]
    ]
   }
  },
  {
   "type": "Feature",
   "properties": {
    "plot_number": "153",
    "area_sqm": 142.3
   },
   "geometry": {
    "type": "Polygon",
    "coordinates": [
     [
      [
       39.1992952,
       -7.1174389
      ],
      [
       39.1993975,
       -7.1174379
      ],
      [
       39.1993955,
       -7.117302
      ],
      [
       39.1992952,
       -7.117304
      ],
      [
       39.1992952,
       -7.1174389
      ]
     ]
    ]
   }
  },
  {
   "type": "Feature",
   "properties": {
    "plot_number": "315",
    "area_sqm": 152.5
   },
   "geometry": {
    "type": "Polygon",
    "coordinates": [
     [
      [
       39.1992952,
       -7.1160452
      ],
      [
       39.1993617,
       -7.1160551
      ],
      [
       39.1993955,
       -7.1160245
      ],
      [
       39.1993955,
       -7.1159014
      ],
      [
       39.1992952,
       -7.1159034
      ],
      [
       39.1992952,
       -7.1160452
      ]
     ]
    ]
   }
  },
  {
   "type": "Feature",
   "properties": {
    "plot_number": "317",
    "area_sqm": 140.6
   },
   "geometry": {
    "type": "Polygon",
    "coordinates": [
     [
      [
       39.1992962,
       -7.1158955
      ],
      [
       39.1992982,
       -7.1158837
      ],
      [
       39.1993975,
       -7.1158945
      ],
      [
       39.1993955,
       -7.1157576
      ],
      [
       39.1992952,
       -7.1157694
      ],
      [
       39.1992962,
       -7.1158955
      ]
     ]
    ]
   }
  },
  {
   "type": "Feature",
   "properties": {
    "plot_number": "294",
    "area_sqm": 136.9
   },
   "geometry": {
    "type": "Polygon",
    "coordinates": [
     [
      [
       39.1992962,
       -7.1156562
      ],
      [
       39.1993865,
       -7.1156493
      ],
      [
       39.1993955,
       -7.1155183
      ],
      [
       39.1992952,
       -7.1155203
      ],
      [
       39.1992962,
       -7.1156562
      ]
     ]
    ]
   }
  },
  {
   "type": "Feature",
   "properties": {
    "plot_number": "962",
    "area_sqm": 138.1
   },
   "geometry": {
    "type": "Polygon",
    "coordinates": [
     [
      [
       39.1992952,
       -7.1155065
      ],
      [
       39.1993975,
       -7.1155006
      ],
      [
       39.1993965,
       -7.1153755
      ],
      [
       39.1992952,
       -7.1153764
      ],
      [
       39.1992952,
       -7.1155065
      ]
     ]
    ]
   }
  },
  {
   "type": "Feature",
   "properties": {
    "plot_number": "862",
    "area_sqm": 139.4
   },
   "geometry": {
    "type": "Polygon",
    "coordinates": [
     [
      [
       39.1992952,
       -7.1153627
      ],
      [
       39.1993975,
       -7.1153567
      ],
      [
       39.1993955,
       -7.1152317
      ],
      [
       39.1992952,
       -7.1152336
      ],
      [
       39.1992952,
       -7.1153627
      ]
     ]
    ]
   }
  },
  {
   "type": "Feature",
   "properties": {
    "plot_number": "300",
    "area_sqm": 136.2
   },
   "geometry": {
    "type": "Polygon",
    "coordinates": [
     [
      [
       39.1992952,
       -7.1152169
      ],
      [
       39.1993955,
       -7.1152258
      ],
      [
       39.1993746,
       -7.1152149
      ],
      [
       39.1993975,
       -7.115212
      ],
      [
       39.1993975,
       -7.1150977
      ],
      [
       39.1992952,
       -7.1150898
      ],
      [
       39.1992952,
       -7.1152169
      ]
     ]
    ]
   }
  },
  {
   "type": "Feature",
   "properties": {
    "plot_number": "176",
    "area_sqm": 139.4
   },
   "geometry": {
    "type": "Polygon",
    "coordinates": [
     [
      [
       39.1993131,
       -7.1171927
      ],
      [
       39.1994362,
       -7.1171897
      ],
      [
       39.1994511,
       -7.1170932
      ],
      [
       39.1993151,
       -7.1170922
      ],
      [
       39.1993131,
       -7.1171927
      ]
     ]
    ]
   }
  },
  {
   "type": "Feature",
   "properties": {
    "plot_number": "177",
    "area_sqm": 136.0
   },
   "geometry": {
    "type": "Polygon",
    "coordinates": [
     [
      [
       39.1993131,
       -7.1170853
      ],
      [
       39.1994511,
       -7.1170863
      ],
      [
       39.1994431,
       -7.1169937
      ],
      [
       39.1993151,
       -7.1169849
      ],
      [
       39.1993131,
       -7.1170853
      ]
     ]
    ]
   }
  },
  {
   "type": "Feature",
   "properties": {
    "plot_number": "198",
    "area_sqm": 147.3
   },
   "geometry": {
    "type": "Polygon",
    "coordinates": [
     [
      [
       39.1993131,
       -7.1169474
      ],
      [
       39.1994501,
       -7.1169494
      ],
      [
       39.199452,
       -7.1168489
      ],
      [
       39.1993151,
       -7.116847
      ],
      [
       39.1993131,
       -7.1169474
      ]
     ]
    ]
   }
  },
  {
   "type": "Feature",
   "properties": {
    "plot_number": "661",
    "area_sqm": 148.6
   },
   "geometry": {
    "type": "Polygon",
    "coordinates": [
     [
      [
       39.1993131,
       -7.1168401
      ],
      [
       39.199452,
       -7.1168292
      ],
      [
       39.199452,
       -7.1167416
      ],
      [
       39.1993151,
       -7.1167396
      ],
      [
       39.199327,
       -7.1168105
      ],
      [
       39.1993131,
       -7.1168095
      ],
      [
       39.1993131,
       -7.1168401
      ]
     ]
    ]
   }
  },
  {
   "type": "Feature",
   "properties": {
    "plot_number": "218",
    "area_sqm": 161.9
   },
   "geometry": {
    "type": "Polygon",
    "coordinates": [
     [
      [
       39.1993855,
       -7.1166963
      ],
      [
       39.1995364,
       -7.1166963
      ],
      [
       39.1995364,
       -7.1165978
      ],
      [
       39.1993875,
       -7.1165958
      ],
      [
       39.1993855,
       -7.1166963
      ]
     ]
    ]
   }
  },
  {
   "type": "Feature",
   "properties": {
    "plot_number": "219",
    "area_sqm": 164.1
   },
   "geometry": {
    "type": "Polygon",
    "coordinates": [
     [
      [
       39.1993855,
       -7.1165889
      ],
      [
       39.1995354,
       -7.1165889
      ],
      [
       39.1995364,
       -7.1164904
      ],
      [
       39.1993875,
       -7.1164885
      ],
      [
       39.1993855,
       -7.1165889
      ]
     ]
    ]
   }
  },
  {
   "type": "Feature",
   "properties": {
    "plot_number": "236",
    "area_sqm": 168.6
   },
   "geometry": {
    "type": "Polygon",
    "coordinates": [
     [
      [
       39.1993975,
       -7.116451
      ],
      [
       39.1995364,
       -7.116451
      ],
      [
       39.1995285,
       -7.1163387
      ],
      [
       39.1993994,
       -7.1163387
      ],
      [
       39.1993975,
       -7.116451
      ]
     ]
    ]
   }
  },
  {
   "type": "Feature",
   "properties": {
    "plot_number": "237",
    "area_sqm": 705.4
   },
   "geometry": {
    "type": "Polygon",
    "coordinates": [
     [
      [
       39.1993994,
       -7.1163328
      ],
      [
       39.1996357,
       -7.1163328
      ],
      [
       39.1996297,
       -7.1160777
      ],
      [
       39.1993975,
       -7.1160955
      ],
      [
       39.1993994,
       -7.1163328
      ]
     ]
    ]
   }
  },
  {
   "type": "Feature",
   "properties": {
    "plot_number": "142",
    "area_sqm": 140.7
   },
   "geometry": {
    "type": "Polygon",
    "coordinates": [
     [
      [
       39.1994362,
       -7.1177088
      ],
      [
       39.1994739,
       -7.1177058
      ],
      [
       39.1995364,
       -7.1177374
      ],
      [
       39.1995344,
       -7.1175896
      ],
      [
       39.1994342,
       -7.1175906
      ],
      [
       39.1994362,
       -7.1177088
      ]
     ]
    ]
   }
  },
  {
   "type": "Feature",
   "properties": {
    "plot_number": "144",
    "area_sqm": 150.0
   },
   "geometry": {
    "type": "Polygon",
    "coordinates": [
     [
      [
       39.1994352,
       -7.1175837
      ],
      [
       39.1994382,
       -7.1175709
      ],
      [
       39.1995364,
       -7.1175817
      ],
      [
       39.1995344,
       -7.1174458
      ],
      [
       39.1994342,
       -7.1174468
      ],
      [
       39.1994352,
       -7.1175837
      ]
     ]
    ]
   }
  },
  {
   "type": "Feature",
   "properties": {
    "plot_number": "146",
    "area_sqm": 146.2
   },
   "geometry": {
    "type": "Polygon",
    "coordinates": [
     [
      [
       39.1994352,
       -7.1174399
      ],
      [
       39.1995364,
       -7.1174379
      ],
      [
       39.1995344,
       -7.117302
      ],
      [
       39.1994342,
       -7.1173119
      ],
      [
       39.1994352,
       -7.1174399
      ]
     ]
    ]
   }
  },
  {
   "type": "Feature",
   "properties": {
    "plot_number": "278",
    "area_sqm": 141.1
   },
   "geometry": {
    "type": "Polygon",
    "coordinates": [
     [
      [
       39.1994491,
       -7.1160373
      ],
      [
       39.1995364,
       -7.1160373
      ],
      [
       39.1995344,
       -7.1159014
      ],
      [
       39.1994342,
       -7.1159034
      ],
      [
       39.1994342,
       -7.1160196
      ],
      [
       39.1994501,
       -7.1160186
      ],
      [
       39.1994491,
       -7.1160373
      ]
     ]
    ]
   }
  },
  {
   "type": "Feature",
   "properties": {
    "plot_number": "280",
    "area_sqm": 143.6
   },
   "geometry": {
    "type": "Polygon",
    "coordinates": [
     [
      [
       39.1994342,
       -7.1158945
      ],
      [
       39.1995364,
       -7.1158935
      ],
      [
       39.1995344,
       -7.1157576
      ],
      [
       39.1994342,
       -7.1157596
      ],
      [
       39.199458,
       -7.1157675
      ],
      [
       39.1994342,
       -7.1157744
      ],
      [
       39.1994342,
       -7.1158945
      ]
     ]
    ]
   }
  },
  {
   "type": "Feature",
   "properties": {
    "plot_number": "284",
    "area_sqm": 141.2
   },
   "geometry": {
    "type": "Polygon",
    "coordinates": [
     [
      [
       39.1994362,
       -7.1156424
      ],
      [
       39.1995364,
       -7.1156542
      ],
      [
       39.1995344,
       -7.1155183
      ],
      [
       39.1994342,
       -7.1155203
      ],
      [
       39.1994362,
       -7.1156424
      ]
     ]
    ]
   }
  },
  {
   "type": "Feature",
   "properties": {
    "plot_number": "982",
    "area_sqm": 149.9
   },
   "geometry": {
    "type": "Polygon",
    "coordinates": [
     [
      [
       39.1994352,
       -7.1155124
      ],
      [
       39.1995364,
       -7.1155114
      ],
      [
       39.1995344,
       -7.1153755
      ],
      [
       39.1994342,
       -7.1153764
      ],
      [
       39.1994352,
       -7.1155124
      ]
     ]
    ]
   }
  },
  {
   "type": "Feature",
   "properties": {
    "plot_number": "288",
    "area_sqm": 151.0
   },
   "geometry": {
    "type": "Polygon",
    "coordinates": [
     [
      [
       39.1994362,
       -7.1153696
      ],
      [
       39.1995364,
       -7.1153676
      ],
      [
       39.1995344,
       -7.1152317
      ],
      [
       39.1994342,
       -7.1152326
      ],
      [
       39.1994362,
       -7.1153696
      ]
     ]
    ]
   }
  },
  {
   "type": "Feature",
   "properties": {
    "plot_number": "062",
    "area_sqm": 151.0
   },
   "geometry": {
    "type": "Polygon",
    "coordinates": [
     [
      [
       39.1994352,
       -7.1152258
      ],
      [
       39.1995364,
       -7.1152238
      ],
      [
       39.1995344,
       -7.1150879
      ],
      [
       39.1994352,
       -7.1150879
      ],
      [
       39.1994352,
       -7.1152258
      ]
     ]
    ]
   }
  },
  {
   "type": "Feature",
   "properties": {
    "plot_number": "293",
    "area_sqm": 122.2
   },
   "geometry": {
    "type": "Polygon",
    "coordinates": [
     [
      [
       39.1995344,
       -7.11501
      ],
      [
       39.1995344,
       -7.1149184
      ],
      [
       39.1994957,
       -7.1149145
      ],
      [
       39.1994342,
       -7.1148485
      ],
      [
       39.1994342,
       -7.1150091
      ],
      [
       39.1995344,
       -7.11501
      ]
     ]
    ]
   }
  },
  {
   "type": "Feature",
   "properties": {
    "plot_number": "141",
    "area_sqm": 177.9
   },
   "geometry": {
    "type": "Polygon",
    "coordinates": [
     [
      [
       39.1996446,
       -7.1177699
      ],
      [
       39.1996446,
       -7.1175906
      ],
      [
       39.1995731,
       -7.1176014
      ],
      [
       39.1995444,
       -7.1175896
      ],
      [
       39.1995424,
       -7.1177383
      ],
      [
       39.1996128,
       -7.1177462
      ],
      [
       39.1996446,
       -7.1177699
      ]
     ]
    ]
   }
  },
  {
   "type": "Feature",
   "properties": {
    "plot_number": "143",
    "area_sqm": 140.5
   },
   "geometry": {
    "type": "Polygon",
    "coordinates": [
     [
      [
       39.1995434,
       -7.1175827
      ],
      [
       39.1996446,
       -7.1175817
      ],
      [
       39.1996436,
       -7.1174458
      ],
      [
       39.1995424,
       -7.1174478
      ],
      [
       39.1995434,
       -7.1175827
      ]
     ]
    ]
   }
  },
  {
   "type": "Feature",
   "properties": {
    "plot_number": "145",
    "area_sqm": 140.1
   },
   "geometry": {
    "type": "Polygon",
    "coordinates": [
     [
      [
       39.1995434,
       -7.1174389
      ],
      [
       39.1996446,
       -7.1174291
      ],
      [
       39.1996436,
       -7.117302
      ],
      [
       39.1995424,
       -7.117304
      ],
      [
       39.1995434,
       -7.1174389
      ]
     ]
    ]
   }
  },
  {
   "type": "Feature",
   "properties": {
    "plot_number": "216",
    "area_sqm": 162.2
   },
   "geometry": {
    "type": "Polygon",
    "coordinates": [
     [
      [
       39.1995424,
       -7.1166963
      ],
      [
       39.1996932,
       -7.1166963
      ],
      [
       39.1996932,
       -7.1165978
      ],
      [
       39.1995444,
       -7.1165958
      ],
      [
       39.1995424,
       -7.1166963
      ]
     ]
    ]
   }
  },
  {
   "type": "Feature",
   "properties": {
    "plot_number": "217",
    "area_sqm": 164.8
   },
   "geometry": {
    "type": "Polygon",
    "coordinates": [
     [
      [
       39.1995424,
       -7.1165889
      ],
      [
       39.1996913,
       -7.1165899
      ],
      [
       39.1996932,
       -7.1164904
      ],
      [
       39.1995444,
       -7.1164885
      ],
      [
       39.1995424,
       -7.1165889
      ]
     ]
    ]
   }
  },
  {
   "type": "Feature",
   "properties": {
    "plot_number": "234",
    "area_sqm": 196.0
   },
   "geometry": {
    "type": "Polygon",
    "coordinates": [
     [
      [
       39.1995424,
       -7.116451
      ],
      [
       39.1997042,
       -7.116452
      ],
      [
       39.1997052,
       -7.1163506
      ],
      [
       39.1996843,
       -7.1163565
      ],
      [
       39.1996982,
       -7.1163387
      ],
      [
       39.1995444,
       -7.1163387
      ],
      [
       39.1995424,
       -7.116451
      ]
     ]
    ]
   }
  },
  {
   "type": "Feature",
   "properties": {
    "plot_number": "277",
    "area_sqm": 139.7
   },
   "geometry": {
    "type": "Polygon",
    "coordinates": [
     [
      [
       39.1995434,
       -7.1160393
      ],
      [
       39.1996426,
       -7.1160245
      ],
      [
       39.1996436,
       -7.1159014
      ],
      [
       39.1995424,
       -7.1159034
      ],
      [
       39.1995434,
       -7.1160393
      ]
     ]
    ]
   }
  },
  {
   "type": "Feature",
   "properties": {
    "plot_number": "622",
    "area_sqm": 139.1
   },
   "geometry": {
    "type": "Polygon",
    "coordinates": [
     [
      [
       39.1995434,
       -7.1158955
      ],
      [
       39.1996446,
       -7.1158945
      ],
      [
       39.1996426,
       -7.1157576
      ],
      [
       39.1995424,
       -7.1157596
      ],
      [
       39.1995662,
       -7.1157606
      ],
      [
       39.1995424,
       -7.1157744
      ],
      [
       39.1995434,
       -7.1158955
      ]
     ]
    ]
   }
  },
  {
   "type": "Feature",
   "properties": {
    "plot_number": "283",
    "area_sqm": 135.8
   },
   "geometry": {
    "type": "Polygon",
    "coordinates": [
     [
      [
       39.1995434,
       -7.1156562
      ],
      [
       39.1996188,
       -7.1156562
      ],
      [
       39.1996446,
       -7.1156325
      ],
      [
       39.1996426,
       -7.1155183
      ],
      [
       39.1995424,
       -7.1155203
      ],
      [
       39.1995434,
       -7.1156562
      ]
     ]
    ]
   }
  },
  {
   "type": "Feature",
   "properties": {
    "plot_number": "285",
    "area_sqm": 141.3
   },
   "geometry": {
    "type": "Polygon",
    "coordinates": [
     [
      [
       39.1995424,
       -7.1155114
      ],
      [
       39.1995473,
       -7.1154996
      ],
      [
       39.1996446,
       -7.1155114
      ],
      [
       39.1996327,
       -7.1154641
      ],
      [
       39.1996436,
       -7.1153755
      ],
      [
       39.1995424,
       -7.1153764
      ],
      [
       39.1995424,
       -7.1155114
      ]
     ]
    ]
   }
  },
  {
   "type": "Feature",
   "properties": {
    "plot_number": "287",
    "area_sqm": 142.4
   },
   "geometry": {
    "type": "Polygon",
    "coordinates": [
     [
      [
       39.1995424,
       -7.1153676
      ],
      [
       39.1996446,
       -7.1153676
      ],
      [
       39.1996327,
       -7.1153203
      ],
      [
       39.1996436,
       -7.1152317
      ],
      [
       39.1995424,
       -7.1152336
      ],
      [
       39.1995424,
       -7.1153676
      ]
     ]
    ]
   }
  },
  {
   "type": "Feature",
   "properties": {
    "plot_number": "682",
    "area_sqm": 138.9
   },
   "geometry": {
    "type": "Polygon",
    "coordinates": [
     [
      [
       39.1995424,
       -7.1152238
      ],
      [
       39.1996436,
       -7.1152258
      ],
      [
       39.1996436,
       -7.1150879
      ],
      [
       39.1995424,
       -7.1150997
      ],
      [
       39.1995424,
       -7.1152238
      ]
     ]
    ]
   }
  },
  {
   "type": "Feature",
   "properties": {
    "plot_number": "291",
    "area_sqm": 127.5
   },
   "geometry": {
    "type": "Polygon",
    "coordinates": [
     [
      [
       39.1996436,
       -7.1150819
      ],
      [
       39.1996436,
       -7.1149805
      ],
      [
       39.1995424,
       -7.1149234
      ],
      [
       39.1995424,
       -7.1150091
      ],
      [
       39.1995712,
       -7.1150081
      ],
      [
       39.1995424,
       -7.11508
      ],
      [
       39.1996436,
       -7.1150819
      ]
     ]
    ]
   }
  },
  {
   "type": "Feature",
   "properties": {
    "plot_number": "172",
    "area_sqm": 149.1
   },
   "geometry": {
    "type": "Polygon",
    "coordinates": [
     [
      [
       39.1995543,
       -7.1171927
      ],
      [
       39.1996913,
       -7.1171947
      ],
      [
       39.1996932,
       -7.1170942
      ],
      [
       39.1995563,
       -7.1170922
      ],
      [
       39.1995543,
       -7.1171927
      ]
     ]
    ]
   }
  },
  {
   "type": "Feature",
   "properties": {
    "plot_number": "173",
    "area_sqm": 149.9
   },
   "geometry": {
    "type": "Polygon",
    "coordinates": [
     [
      [
       39.1995543,
       -7.1170853
      ],
      [
       39.1995592,
       -7.1170735
      ],
      [
       39.1996932,
       -7.1170853
      ],
      [
       39.1996932,
       -7.1169868
      ],
      [
       39.1995563,
       -7.1169849
      ],
      [
       39.1995543,
       -7.1170853
      ]
     ]
    ]
   }
  },
  {
   "type": "Feature",
   "properties": {
    "plot_number": "192",
    "area_sqm": 147.5
   },
   "geometry": {
    "type": "Polygon",
    "coordinates": [
     [
      [
       39.1996267,
       -7.1169474
      ],
      [
       39.1997647,
       -7.1169484
      ],
      [
       39.1997657,
       -7.1168489
      ],
      [
       39.1996287,
       -7.116847
      ],
      [
       39.1996267,
       -7.1169474
      ]
     ]
    ]
   }
  },
  {
   "type": "Feature",
   "properties": {
    "plot_number": "193",
    "area_sqm": 148.7
   },
   "geometry": {
    "type": "Polygon",
    "coordinates": [
     [
      [
       39.1996267,
       -7.1168312
      ],
      [
       39.1997657,
       -7.1168401
      ],
      [
       39.1997657,
       -7.1167416
      ],
      [
       39.1996287,
       -7.1167396
      ],
      [
       39.1996387,
       -7.1168115
      ],
      [
       39.1996267,
       -7.1168312
      ]
     ]
    ]
   }
  },
  {
   "type": "Feature",
   "properties": {
    "plot_number": "235",
    "area_sqm": 108.9
   },
   "geometry": {
    "type": "Polygon",
    "coordinates": [
     [
      [
       39.1996526,
       -7.1163328
      ],
      [
       39.1996674,
       -7.116319
      ],
      [
       39.1997478,
       -7.1163309
      ],
      [
       39.1997459,
       -7.1162196
      ],
      [
       39.1996506,
       -7.1162215
      ],
      [
       39.1996526,
       -7.1163328
      ]
     ]
    ]
   }
  },
  {
   "type": "Feature",
   "properties": {
    "plot_number": "134",
    "area_sqm": 140.7
   },
   "geometry": {
    "type": "Polygon",
    "coordinates": [
     [
      [
       39.1996833,
       -7.1177807
      ],
      [
       39.199731,
       -7.1177807
      ],
      [
       39.1997836,
       -7.1178093
      ],
      [
       39.1997826,
       -7.1176615
      ],
      [
       39.1996813,
       -7.1176625
      ],
      [
       39.1996833,
       -7.1177807
      ]
     ]
    ]
   }
  },
  {
   "type": "Feature",
   "properties": {
    "plot_number": "136",
    "area_sqm": 148.3
   },
   "geometry": {
    "type": "Polygon",
    "coordinates": [
     [
      [
       39.1996823,
       -7.1176546
      ],
      [
       39.1996853,
       -7.1176428
      ],
      [
       39.1997836,
       -7.1176536
      ],
      [
       39.1997816,
       -7.1175177
      ],
      [
       39.1997518,
       -7.1175295
      ],
      [
       39.1996813,
       -7.1175187
      ],
      [
       39.1996823,
       -7.1176546
      ]
     ]
    ]
   }
  },
  {
   "type": "Feature",
   "properties": {
    "plot_number": "138",
    "area_sqm": 148.1
   },
   "geometry": {
    "type": "Polygon",
    "coordinates": [
     [
      [
       39.1996823,
       -7.1175108
      ],
      [
       39.1996853,
       -7.117499
      ],
      [
       39.1997836,
       -7.1175098
      ],
      [
       39.1997816,
       -7.1173739
      ],
      [
       39.1997508,
       -7.1173867
      ],
      [
       39.1996813,
       -7.1173759
      ],
      [
       39.1996823,
       -7.1175108
      ]
     ]
    ]
   }
  },
  {
   "type": "Feature",
   "properties": {
    "plot_number": "140",
    "area_sqm": 142.0
   },
   "geometry": {
    "type": "Polygon",
    "coordinates": [
     [
      [
       39.1996823,
       -7.117368
      ],
      [
       39.1996853,
       -7.1173552
      ],
      [
       39.1997836,
       -7.117366
      ],
      [
       39.1997816,
       -7.1172301
      ],
      [
       39.1996833,
       -7.1172449
      ],
      [
       39.1996823,
       -7.117368
      ]
     ]
    ]
   }
  },
  {
   "type": "Feature",
   "properties": {
    "plot_number": "092",
    "area_sqm": 140.8
   },
   "geometry": {
    "type": "Polygon",
    "coordinates": [
     [
      [
       39.1997052,
       -7.1161831
      ],
      [
       39.1997836,
       -7.1161811
      ],
      [
       39.1997816,
       -7.1160452
      ],
      [
       39.1996813,
       -7.1160472
      ],
      [
       39.1996813,
       -7.1161575
      ],
      [
       39.1997052,
       -7.1161831
      ]
     ]
    ]
   }
  },
  {
   "type": "Feature",
   "properties": {
    "plot_number": "792",
    "area_sqm": 147.3
   },
   "geometry": {
    "type": "Polygon",
    "coordinates": [
     [
      [
       39.1996813,
       -7.1160305
      ],
      [
       39.1997052,
       -7.1160265
      ],
      [
       39.1997062,
       -7.1160393
      ],
      [
       39.1997836,
       -7.1160383
      ],
      [
       39.1997816,
       -7.1159014
      ],
      [
       39.1996813,
       -7.1159034
      ],
      [
       39.1996813,
       -7.1160305
      ]
     ]
    ]
   }
  },
  {
   "type": "Feature",
   "properties": {
    "plot_number": "264",
    "area_sqm": 139.9
   },
   "geometry": {
    "type": "Polygon",
    "coordinates": [
     [
      [
       39.1996813,
       -7.1158945
      ],
      [
       39.1997836,
       -7.1158945
      ],
      [
       39.1997836,
       -7.1157685
      ],
      [
       39.1997617,
       -7.1157763
      ],
      [
       39.1997756,
       -7.1157576
      ],
      [
       39.1996813,
       -7.1157704
      ],
      [
       39.1996813,
       -7.1158945
      ]
     ]
    ]
   }
  },
  {
   "type": "Feature",
   "properties": {
    "plot_number": "270",
    "area_sqm": 146.4
   },
   "geometry": {
    "type": "Polygon",
    "coordinates": [
     [
      [
       39.1996813,
       -7.1155833
      ],
      [
       39.1996843,
       -7.1155725
      ],
      [
       39.1997836,
       -7.1155833
      ],
      [
       39.1997826,
       -7.1154474
      ],
      [
       39.1996813,
       -7.1154483
      ],
      [
       39.1996813,
       -7.1155833
      ]
     ]
    ]
   }
  },
  {
   "type": "Feature",
   "properties": {
    "plot_number": "272",
    "area_sqm": 147.8
   },
   "geometry": {
    "type": "Polygon",
    "coordinates": [
     [
      [
       39.1996813,
       -7.1154395
      ],
      [
       39.1997836,
       -7.1154395
      ],
      [
       39.1997816,
       -7.1153036
      ],
      [
       39.1996813,
       -7.1153045
      ],
      [
       39.1996813,
       -7.1154395
      ]
     ]
    ]
   }
  },
  {
   "type": "Feature",
   "properties": {
    "plot_number": "274",
    "area_sqm": 140.1
   },
   "geometry": {
    "type": "Polygon",
    "coordinates": [
     [
      [
       39.1996813,
       -7.1152957
      ],
      [
       39.1997836,
       -7.1152957
      ],
      [
       39.1997756,
       -7.1151598
      ],
      [
       39.1996823,
       -7.1151598
      ],
      [
       39.1996813,
       -7.1152957
      ]
     ]
    ]
   }
  },
  {
   "type": "Feature",
   "properties": {
    "plot_number": "922",
    "area_sqm": 125.0
   },
   "geometry": {
    "type": "Polygon",
    "coordinates": [
     [
      [
       39.1997816,
       -7.1151539
      ],
      [
       39.1997836,
       -7.1150701
      ],
      [
       39.1996813,
       -7.1150002
      ],
      [
       39.1996813,
       -7.1151529
      ],
      [
       39.1997816,
       -7.1151539
      ]
     ]
    ]
   }
  },
  {
   "type": "Feature",
   "properties": {
    "plot_number": "170",
    "area_sqm": 149.2
   },
   "geometry": {
    "type": "Polygon",
    "coordinates": [
     [
      [
       39.1996992,
       -7.1171927
      ],
      [
       39.1997875,
       -7.1171819
      ],
      [
       39.1998362,
       -7.1171947
      ],
      [
       39.1998382,
       -7.1170942
      ],
      [
       39.1997012,
       -7.1170922
      ],
      [
       39.1996992,
       -7.1171927
      ]
     ]
    ]
   }
  },
  {
   "type": "Feature",
   "properties": {
    "plot_number": "171",
    "area_sqm": 150.2
   },
   "geometry": {
    "type": "Polygon",
    "coordinates": [
     [
      [
       39.1996992,
       -7.1170853
      ],
      [
       39.1997032,
       -7.1170735
      ],
      [
       39.1998382,
       -7.1170853
      ],
      [
       39.1998382,
       -7.1169868
      ],
      [
       39.1997012,
       -7.1169849
      ],
      [
       39.1996992,
       -7.1170853
      ]
     ]
    ]
   }
  },
  {
   "type": "Feature",
   "properties": {
    "plot_number": "214",
    "area_sqm": 147.5
   },
   "geometry": {
    "type": "Polygon",
    "coordinates": [
     [
      [
       39.1996992,
       -7.1166963
      ],
      [
       39.1998382,
       -7.1166963
      ],
      [
       39.1998382,
       -7.1165978
      ],
      [
       39.1997012,
       -7.1165958
      ],
      [
       39.1997121,
       -7.1166667
      ],
      [
       39.1996992,
       -7.1166657
      ],
      [
       39.1996992,
       -7.1166963
      ]
     ]
    ]
   }
  },
  {
   "type": "Feature",
   "properties": {
    "plot_number": "215",
    "area_sqm": 148.4
   },
   "geometry": {
    "type": "Polygon",
    "coordinates": [
     [
      [
       39.1996992,
       -7.1165889
      ],
      [
       39.1998372,
       -7.1165889
      ],
      [
       39.1998382,
       -7.1164904
      ],
      [
       39.1997012,
       -7.1164885
      ],
      [
       39.1997121,
       -7.1165584
      ],
      [
       39.1996992,
       -7.1165574
      ],
      [
       39.1996992,
       -7.1165889
      ]
     ]
    ]
   }
  },
  {
   "type": "Feature",
   "properties": {
    "plot_number": "232",
    "area_sqm": 162.3
   },
   "geometry": {
    "type": "Polygon",
    "coordinates": [
     [
      [
       39.1997111,
       -7.116451
      ],
      [
       39.1998501,
       -7.116451
      ],
      [
       39.1998501,
       -7.1163407
      ],
      [
       39.199733,
       -7.1163624
      ],
      [
       39.1997399,
       -7.1163387
      ],
      [
       39.1997131,
       -7.1163387
      ],
      [
       39.1997111,
       -7.116451
      ]
     ]
    ]
   }
  },
  {
   "type": "Feature",
   "properties": {
    "plot_number": "233",
    "area_sqm": 107.4
   },
   "geometry": {
    "type": "Polygon",
    "coordinates": [
     [
      [
       39.1997558,
       -7.1163328
      ],
      [
       39.1998501,
       -7.1163309
      ],
      [
       39.1998501,
       -7.1162205
      ],
      [
       39.1997538,
       -7.1162205
      ],
      [
       39.1997538,
       -7.116254
      ],
      [
       39.1997657,
       -7.116257
      ],
      [
       39.1997558,
       -7.1163328
      ]
     ]
    ]
   }
  },
  {
   "type": "Feature",
   "properties": {
    "plot_number": "061",
    "area_sqm": 147.0
   },
   "geometry": {
    "type": "Polygon",
    "coordinates": [
     [
      [
       39.1997717,
       -7.1169474
      ],
      [
       39.1999106,
       -7.1169474
      ],
      [
       39.1999106,
       -7.1168489
      ],
      [
       39.1997736,
       -7.116847
      ],
      [
       39.1997846,
       -7.116908
      ],
      [
       39.1997717,
       -7.1169474
      ]
     ]
    ]
   }
  },
  {
   "type": "Feature",
   "properties": {
    "plot_number": "191",
    "area_sqm": 148.9
   },
   "geometry": {
    "type": "Polygon",
    "coordinates": [
     [
      [
       39.1997717,
       -7.1168302
      ],
      [
       39.1999086,
       -7.1168411
      ],
      [
       39.1999106,
       -7.1167416
      ],
      [
       39.1997736,
       -7.1167396
      ],
      [
       39.1997717,
       -7.1168302
      ]
     ]
    ]
   }
  },
  {
   "type": "Feature",
   "properties": {
    "plot_number": "133",
    "area_sqm": 175.5
   },
   "geometry": {
    "type": "Polygon",
    "coordinates": [
     [
      [
       39.1997915,
       -7.1178122
      ],
      [
       39.1998918,
       -7.1178408
      ],
      [
       39.1998908,
       -7.1176615
      ],
      [
       39.1997895,
       -7.1176625
      ],
      [
       39.1997915,
       -7.1178122
      ]
     ]
    ]
   }
  },
  {
   "type": "Feature",
   "properties": {
    "plot_number": "135",
    "area_sqm": 138.1
   },
   "geometry": {
    "type": "Polygon",
    "coordinates": [
     [
      [
       39.1997915,
       -7.1176556
      ],
      [
       39.1998918,
       -7.1176428
      ],
      [
       39.1998908,
       -7.1175177
      ],
      [
       39.1997895,
       -7.1175197
      ],
      [
       39.1997915,
       -7.1176556
      ]
     ]
    ]
   }
  },
  {
   "type": "Feature",
   "properties": {
    "plot_number": "137",
    "area_sqm": 138.7
   },
   "geometry": {
    "type": "Polygon",
    "coordinates": [
     [
      [
       39.1997915,
       -7.1175118
      ],
      [
       39.1998918,
       -7.1175
      ],
      [
       39.1998898,
       -7.1173739
      ],
      [
       39.1997895,
       -7.1173759
      ],
      [
       39.1997915,
       -7.1175118
      ]
     ]
    ]
   }
  },
  {
   "type": "Feature",
   "properties": {
    "plot_number": "139",
    "area_sqm": 132.1
   },
   "geometry": {
    "type": "Polygon",
    "coordinates": [
     [
      [
       39.1997915,
       -7.117368
      ],
      [
       39.1998918,
       -7.1173562
      ],
      [
       39.1998789,
       -7.1173276
      ],
      [
       39.1998918,
       -7.1172538
      ],
      [
       39.1998719,
       -7.1172301
      ],
      [
       39.1997895,
       -7.1172321
      ],
      [
       39.1997915,
       -7.117368
      ]
     ]
    ]
   }
  },
  {
   "type": "Feature",
   "properties": {
    "plot_number": "692",
    "area_sqm": 135.8
   },
   "geometry": {
    "type": "Polygon",
    "coordinates": [
     [
      [
       39.1997915,
       -7.1161831
      ],
      [
       39.1998779,
       -7.1161802
      ],
      [
       39.1998898,
       -7.1160452
      ],
      [
       39.1997895,
       -7.1160472
      ],
      [
       39.1997915,
       -7.1161831
      ]
     ]
    ]
   }
  },
  {
   "type": "Feature",
   "properties": {
    "plot_number": "261",
    "area_sqm": 142.3
   },
   "geometry": {
    "type": "Polygon",
    "coordinates": [
     [
      [
       39.1997895,
       -7.1160285
      ],
      [
       39.1998918,
       -7.1160383
      ],
      [
       39.1998918,
       -7.115993
      ],
      [
       39.1998789,
       -7.1159891
      ],
      [
       39.1998898,
       -7.1159014
      ],
      [
       39.1997895,
       -7.1159034
      ],
      [
       39.1997895,
       -7.1160285
      ]
     ]
    ]
   }
  },
  {
   "type": "Feature",
   "properties": {
    "plot_number": "263",
    "area_sqm": 141.7
   },
   "geometry": {
    "type": "Polygon",
    "coordinates": [
     [
      [
       39.1997895,
       -7.1158847
      ],
      [
       39.1998918,
       -7.1158945
      ],
      [
       39.1998918,
       -7.1158492
      ],
      [
       39.1998789,
       -7.1158453
      ],
      [
       39.1998898,
       -7.1157576
      ],
      [
       39.1997895,
       -7.1157596
      ],
      [
       39.1997895,
       -7.1158847
      ]
     ]
    ]
   }
  },
  {
   "type": "Feature",
   "properties": {
    "plot_number": "692",
    "area_sqm": 142.4
   },
   "geometry": {
    "type": "Polygon",
    "coordinates": [
     [
      [
       39.1997895,
       -7.1155784
      ],
      [
       39.1998928,
       -7.1155823
      ],
      [
       39.1998928,
       -7.115538
      ],
      [
       39.1998799,
       -7.115536
      ],
      [
       39.1998908,
       -7.1154474
      ],
      [
       39.1997895,
       -7.1154483
      ],
      [
       39.1997895,
       -7.1155784
      ]
     ]
    ]
   }
  },
  {
   "type": "Feature",
   "properties": {
    "plot_number": "271",
    "area_sqm": 144.7
   },
   "geometry": {
    "type": "Polygon",
    "coordinates": [
     [
      [
       39.1997895,
       -7.1154355
      ],
      [
       39.1998928,
       -7.1154385
      ],
      [
       39.1998928,
       -7.1153942
      ],
      [
       39.1998799,
       -7.1153922
      ],
      [
       39.1998908,
       -7.1153036
      ],
      [
       39.1997895,
       -7.1153055
      ],
      [
       39.1997895,
       -7.1154355
      ]
     ]
    ]
   }
  },
  {
   "type": "Feature",
   "properties": {
    "plot_number": "275",
    "area_sqm": 105.0
   },
   "geometry": {
    "type": "Polygon",
    "coordinates": [
     [
      [
       39.1998908,
       -7.1152258
      ],
      [
       39.1998898,
       -7.1151627
      ],
      [
       39.199854,
       -7.1151499
      ],
      [
       39.1997895,
       -7.1150672
      ],
      [
       39.1997895,
       -7.1152238
      ],
      [
       39.1998908,
       -7.1152258
      ]
     ]
    ]
   }
  },
  {
   "type": "Feature",
   "properties": {
    "plot_number": "891",
    "area_sqm": 148.1
   },
   "geometry": {
    "type": "Polygon",
    "coordinates": [
     [
      [
       39.1998441,
       -7.1171927
      ],
      [
       39.1999325,
       -7.1171819
      ],
      [
       39.1999811,
       -7.1171947
      ],
      [
       39.1999811,
       -7.1170922
      ],
      [
       39.1998461,
       -7.1170922
      ],
      [
       39.1998441,
       -7.1171927
      ]
     ]
    ]
   }
  },
  {
   "type": "Feature",
   "properties": {
    "plot_number": "691",
    "area_sqm": 148.8
   },
   "geometry": {
    "type": "Polygon",
    "coordinates": [
     [
      [
       39.1998441,
       -7.1170853
      ],
      [
       39.1999831,
       -7.1170853
      ],
      [
       39.1999831,
       -7.1169868
      ],
      [
       39.1998461,
       -7.1169849
      ],
      [
       39.1998441,
       -7.1170853
      ]
     ]
    ]
   }
  },
  {
   "type": "Feature",
   "properties": {
    "plot_number": "212",
    "area_sqm": 147.7
   },
   "geometry": {
    "type": "Polygon",
    "coordinates": [
     [
      [
       39.1998441,
       -7.1166963
      ],
      [
       39.1999831,
       -7.1166963
      ],
      [
       39.1999831,
       -7.1165978
      ],
      [
       39.1998461,
       -7.1165958
      ],
      [
       39.1998441,
       -7.1166963
      ]
     ]
    ]
   }
  },
  {
   "type": "Feature",
   "properties": {
    "plot_number": "213",
    "area_sqm": 149.5
   },
   "geometry": {
    "type": "Polygon",
    "coordinates": [
     [
      [
       39.1998441,
       -7.1165889
      ],
      [
       39.1999821,
       -7.1165889
      ],
      [
       39.1999831,
       -7.1164904
      ],
      [
       39.1998451,
       -7.1164885
      ],
      [
       39.199856,
       -7.1165584
      ],
      [
       39.1998441,
       -7.1165889
      ]
     ]
    ]
   }
  },
  {
   "type": "Feature",
   "properties": {
    "plot_number": "230",
    "area_sqm": 166.4
   },
   "geometry": {
    "type": "Polygon",
    "coordinates": [
     [
      [
       39.199856,
       -7.116451
      ],
      [
       39.1999444,
       -7.1164402
      ],
      [
       39.199993,
       -7.116452
      ],
      [
       39.199995,
       -7.1163407
      ],
      [
       39.199858,
       -7.1163387
      ],
      [
       39.199856,
       -7.116451
      ]
     ]
    ]
   }
  },
  {
   "type": "Feature",
   "properties": {
    "plot_number": "231",
    "area_sqm": 168.3
   },
   "geometry": {
    "type": "Polygon",
    "coordinates": [
     [
      [
       39.199856,
       -7.1163309
      ],
      [
       39.199993,
       -7.1163328
      ],
      [
       39.199995,
       -7.1162205
      ],
      [
       39.199857,
       -7.1162196
      ],
      [
       39.199856,
       -7.1163309
      ]
     ]
    ]
   }
  },
  {
   "type": "Feature",
   "properties": {
    "plot_number": "188",
    "area_sqm": 147.3
   },
   "geometry": {
    "type": "Polygon",
    "coordinates": [
     [
      [
       39.1999166,
       -7.1169474
      ],
      [
       39.1999632,
       -7.1169484
      ],
      [
       39.1999672,
       -7.1169366
      ],
      [
       39.2000555,
       -7.1169474
      ],
      [
       39.2000555,
       -7.1168499
      ],
      [
       39.1999186,
       -7.116847
      ],
      [
       39.1999166,
       -7.1169474
      ]
     ]
    ]
   }
  },
  {
   "type": "Feature",
   "properties": {
    "plot_number": "681",
    "area_sqm": 145.1
   },
   "geometry": {
    "type": "Polygon",
    "coordinates": [
     [
      [
       39.1999166,
       -7.1168302
      ],
      [
       39.2000555,
       -7.1168292
      ],
      [
       39.2000555,
       -7.1167416
      ],
      [
       39.1999176,
       -7.1167396
      ],
      [
       39.1999166,
       -7.1168302
      ]
     ]
    ]
   }
  },
  {
   "type": "Feature",
   "properties": {
    "plot_number": "124",
    "area_sqm": 138.0
   },
   "geometry": {
    "type": "Polygon",
    "coordinates": [
     [
      [
       39.1999305,
       -7.1178526
      ],
      [
       39.2000307,
       -7.1178664
      ],
      [
       39.2000297,
       -7.1177334
      ],
      [
       39.1999285,
       -7.1177344
      ],
      [
       39.1999305,
       -7.1178526
      ]
     ]
    ]
   }
  },
  {
   "type": "Feature",
   "properties": {
    "plot_number": "921",
    "area_sqm": 148.5
   },
   "geometry": {
    "type": "Polygon",
    "coordinates": [
     [
      [
       39.1999285,
       -7.1177255
      ],
      [
       39.2000307,
       -7.1177255
      ],
      [
       39.2000287,
       -7.1175896
      ],
      [
       39.199998,
       -7.1176014
      ],
      [
       39.1999285,
       -7.1175906
      ],
      [
       39.1999285,
       -7.1177255
      ]
     ]
    ]
   }
  },
  {
   "type": "Feature",
   "properties": {
    "plot_number": "821",
    "area_sqm": 148.3
   },
   "geometry": {
    "type": "Polygon",
    "coordinates": [
     [
      [
       39.1999285,
       -7.1175817
      ],
      [
       39.2000307,
       -7.1175817
      ],
      [
       39.2000139,
       -7.1175601
      ],
      [
       39.2000307,
       -7.1175463
      ],
      [
       39.2000287,
       -7.1174458
      ],
      [
       39.1999285,
       -7.1174468
      ],
      [
       39.1999285,
       -7.1175817
      ]
     ]
    ]
   }
  },
  {
   "type": "Feature",
   "properties": {
    "plot_number": "130",
    "area_sqm": 148.5
   },
   "geometry": {
    "type": "Polygon",
    "coordinates": [
     [
      [
       39.1999285,
       -7.1174379
      ],
      [
       39.2000307,
       -7.1174379
      ],
      [
       39.2000287,
       -7.117302
      ],
      [
       39.1999285,
       -7.117304
      ],
      [
       39.1999285,
       -7.1174379
      ]
     ]
    ]
   }
  },
  {
   "type": "Feature",
   "properties": {
    "plot_number": "247",
    "area_sqm": 142.1
   },
   "geometry": {
    "type": "Polygon",
    "coordinates": [
     [
      [
       39.1999523,
       -7.1161831
      ],
      [
       39.2000307,
       -7.1161811
      ],
      [
       39.2000287,
       -7.1160452
      ],
      [
       39.1999285,
       -7.1160472
      ],
      [
       39.1999285,
       -7.1161585
      ],
      [
       39.1999523,
       -7.1161831
      ]
     ]
    ]
   }
  },
  {
   "type": "Feature",
   "properties": {
    "plot_number": "249",
    "area_sqm": 147.7
   },
   "geometry": {
    "type": "Polygon",
    "coordinates": [
     [
      [
       39.1999285,
       -7.1160295
      ],
      [
       39.1999523,
       -7.1160275
      ],
      [
       39.1999533,
       -7.1160393
      ],
      [
       39.2000307,
       -7.1160383
      ],
      [
       39.2000287,
       -7.1159014
      ],
      [
       39.1999285,
       -7.1159034
      ],
      [
       39.1999285,
       -7.1160295
      ]
     ]
    ]
   }
  },
  {
   "type": "Feature",
   "properties": {
    "plot_number": "251",
    "area_sqm": 147.9
   },
   "geometry": {
    "type": "Polygon",
    "coordinates": [
     [
      [
       39.1999285,
       -7.1158866
      ],
      [
       39.1999533,
       -7.1158837
      ],
      [
       39.1999543,
       -7.1158955
      ],
      [
       39.2000307,
       -7.1158945
      ],
      [
       39.2000287,
       -7.1157576
      ],
      [
       39.1999285,
       -7.1157596
      ],
      [
       39.1999285,
       -7.1158866
      ]
     ]
    ]
   }
  },
  {
   "type": "Feature",
   "properties": {
    "plot_number": "253",
    "area_sqm": 176.9
   },
   "geometry": {
    "type": "Polygon",
    "coordinates": [
     [
      [
       39.1999285,
       -7.1157428
      ],
      [
       39.1999513,
       -7.1157399
      ],
      [
       39.1999543,
       -7.1157517
      ],
      [
       39.2000307,
       -7.1157507
      ],
      [
       39.2000287,
       -7.1155902
      ],
      [
       39.1999285,
       -7.1155922
      ],
      [
       39.1999285,
       -7.1157428
      ]
     ]
    ]
   }
  },
  {
   "type": "Feature",
   "properties": {
    "plot_number": "255",
    "area_sqm": 142.3
   },
   "geometry": {
    "type": "Polygon",
    "coordinates": [
     [
      [
       39.1999285,
       -7.1155754
      ],
      [
       39.2000307,
       -7.1155833
      ],
      [
       39.2000297,
       -7.1154474
      ],
      [
       39.1999285,
       -7.1154572
      ],
      [
       39.1999285,
       -7.1155754
      ]
     ]
    ]
   }
  },
  {
   "type": "Feature",
   "properties": {
    "plot_number": "258",
    "area_sqm": 114.9
   },
   "geometry": {
    "type": "Polygon",
    "coordinates": [
     [
      [
       39.2000287,
       -7.1153696
      ],
      [
       39.2000287,
       -7.1152917
      ],
      [
       39.199995,
       -7.1152839
      ],
      [
       39.1999285,
       -7.1152001
      ],
      [
       39.1999285,
       -7.1153676
      ],
      [
       39.2000287,
       -7.1153696
      ]
     ]
    ]
   }
  },
  {
   "type": "Feature",
   "properties": {
    "plot_number": "991",
    "area_sqm": 151.4
   },
   "geometry": {
    "type": "Polygon",
    "coordinates": [
     [
      [
       39.199989,
       -7.1171927
      ],
      [
       39.2001141,
       -7.1171947
      ],
      [
       39.2001389,
       -7.11717
      ],
      [
       39.2001389,
       -7.1170942
      ],
      [
       39.199991,
       -7.1170922
      ],
      [
       39.199989,
       -7.1171927
      ]
     ]
    ]
   }
  },
  {
   "type": "Feature",
   "properties": {
    "plot_number": "167",
    "area_sqm": 150.8
   },
   "geometry": {
    "type": "Polygon",
    "coordinates": [
     [
      [
       39.199989,
       -7.1170853
      ],
      [
       39.2001379,
       -7.1170863
      ],
      [
       39.2001389,
       -7.1170085
      ],
      [
       39.2001191,
       -7.1169849
      ],
      [
       39.199991,
       -7.1169849
      ],
      [
       39.199989,
       -7.1170853
      ]
     ]
    ]
   }
  },
  {
   "type": "Feature",
   "properties": {
    "plot_number": "210",
    "area_sqm": 151.5
   },
   "geometry": {
    "type": "Polygon",
    "coordinates": [
     [
      [
       39.199989,
       -7.1166963
      ],
      [
       39.200125,
       -7.1166953
      ],
      [
       39.2001379,
       -7.1165958
      ],
      [
       39.19999,
       -7.1165958
      ],
      [
       39.199989,
       -7.1166963
      ]
     ]
    ]
   }
  },
  {
   "type": "Feature",
   "properties": {
    "plot_number": "211",
    "area_sqm": 156.3
   },
   "geometry": {
    "type": "Polygon",
    "coordinates": [
     [
      [
       39.199989,
       -7.1165889
      ],
      [
       39.2001379,
       -7.1165899
      ],
      [
       39.2001389,
       -7.1165121
      ],
      [
       39.2001161,
       -7.1165032
      ],
      [
       39.20013,
       -7.1164963
      ],
      [
       39.19999,
       -7.1164885
      ],
      [
       39.199989,
       -7.1165889
      ]
     ]
    ]
   }
  },
  {
   "type": "Feature",
   "properties": {
    "plot_number": "228",
    "area_sqm": 154.5
   },
   "geometry": {
    "type": "Polygon",
    "coordinates": [
     [
      [
       39.200001,
       -7.116451
      ],
      [
       39.200127,
       -7.1164422
      ],
      [
       39.2001389,
       -7.1163397
      ],
      [
       39.2000019,
       -7.1163387
      ],
      [
       39.200001,
       -7.116451
      ]
     ]
    ]
   }
  },
  {
   "type": "Feature",
   "properties": {
    "plot_number": "622",
    "area_sqm": 155.1
   },
   "geometry": {
    "type": "Polygon",
    "coordinates": [
     [
      [
       39.2000019,
       -7.1163328
      ],
      [
       39.2001379,
       -7.1163328
      ],
      [
       39.2001201,
       -7.1162196
      ],
      [
       39.2000019,
       -7.1162196
      ],
      [
       39.2000019,
       -7.1163328
      ]
     ]
    ]
   }
  },
  {
   "type": "Feature",
   "properties": {
    "plot_number": "123",
    "area_sqm": 165.9
   },
   "geometry": {
    "type": "Polygon",
    "coordinates": [
     [
      [
       39.2000387,
       -7.1178802
      ],
      [
       39.2001389,
       -7.1178999
      ],
      [
       39.2001379,
       -7.1177334
      ],
      [
       39.2000367,
       -7.1177354
      ],
      [
       39.2000387,
       -7.1178802
      ]
     ]
    ]
   }
  },
  {
   "type": "Feature",
   "properties": {
    "plot_number": "125",
    "area_sqm": 140.0
   },
   "geometry": {
    "type": "Polygon",
    "coordinates": [
     [
      [
       39.2000367,
       -7.1177255
      ],
      [
       39.2001379,
       -7.1177265
      ],
      [
       39.2001379,
       -7.1175896
      ],
      [
       39.2000367,
       -7.1175916
      ],
      [
       39.2000367,
       -7.1177255
      ]
     ]
    ]
   }
  },
  {
   "type": "Feature",
   "properties": {
    "plot_number": "127",
    "area_sqm": 139.9
   },
   "geometry": {
    "type": "Polygon",
    "coordinates": [
     [
      [
       39.2000367,
       -7.1175817
      ],
      [
       39.2001379,
       -7.1175837
      ],
      [
       39.2001379,
       -7.1174458
      ],
      [
       39.2000367,
       -7.1174478
      ],
      [
       39.2000367,
       -7.1175817
      ]
     ]
    ]
   }
  },
  {
   "type": "Feature",
   "properties": {
    "plot_number": "129",
    "area_sqm": 137.2
   },
   "geometry": {
    "type": "Polygon",
    "coordinates": [
     [
      [
       39.2000367,
       -7.1174379
      ],
      [
       39.2001379,
       -7.1174399
      ],
      [
       39.200134,
       -7.117302
      ],
      [
       39.2000367,
       -7.117304
      ],
      [
       39.2000367,
       -7.1174379
      ]
     ]
    ]
   }
  },
  {
   "type": "Feature",
   "properties": {
    "plot_number": "246",
    "area_sqm": 137.3
   },
   "geometry": {
    "type": "Polygon",
    "coordinates": [
     [
      [
       39.2000387,
       -7.1161831
      ],
      [
       39.2001131,
       -7.1161831
      ],
      [
       39.2001399,
       -7.1161595
      ],
      [
       39.2001379,
       -7.1160452
      ],
      [
       39.2000367,
       -7.1160472
      ],
      [
       39.2000387,
       -7.1161831
      ]
     ]
    ]
   }
  },
  {
   "type": "Feature",
   "properties": {
    "plot_number": "248",
    "area_sqm": 144.3
   },
   "geometry": {
    "type": "Polygon",
    "coordinates": [
     [
      [
       39.2000387,
       -7.1160393
      ],
      [
       39.2000526,
       -7.1160275
      ],
      [
       39.2001399,
       -7.1160373
      ],
      [
       39.200128,
       -7.1159911
      ],
      [
       39.2001399,
       -7.1159034
      ],
      [
       39.2000367,
       -7.1159034
      ],
      [
       39.2000387,
       -7.1160393
      ]
     ]
    ]
   }
  },
  {
   "type": "Feature",
   "properties": {
    "plot_number": "250",
    "area_sqm": 144.3
   },
   "geometry": {
    "type": "Polygon",
    "coordinates": [
     [
      [
       39.2000387,
       -7.1158955
      ],
      [
       39.2001399,
       -7.1158935
      ],
      [
       39.2001369,
       -7.1157576
      ],
      [
       39.2000387,
       -7.1157576
      ],
      [
       39.2000387,
       -7.1158955
      ]
     ]
    ]
   }
  },
  {
   "type": "Feature",
   "properties": {
    "plot_number": "252",
    "area_sqm": 174.0
   },
   "geometry": {
    "type": "Polygon",
    "coordinates": [
     [
      [
       39.2000367,
       -7.1157507
      ],
      [
       39.2001399,
       -7.1157507
      ],
      [
       39.2001369,
       -7.1155902
      ],
      [
       39.2000367,
       -7.1155922
      ],
      [
       39.2000367,
       -7.1157507
      ]
     ]
    ]
   }
  },
  {
   "type": "Feature",
   "properties": {
    "plot_number": "254",
    "area_sqm": 143.2
   },
   "geometry": {
    "type": "Polygon",
    "coordinates": [
     [
      [
       39.2000367,
       -7.1155833
      ],
      [
       39.2001399,
       -7.1155823
      ],
      [
       39.2001379,
       -7.1154474
      ],
      [
       39.2000367,
       -7.1154493
      ],
      [
       39.2000367,
       -7.1155833
      ]
     ]
    ]
   }
  },
  {
   "type": "Feature",
   "properties": {
    "plot_number": "256",
    "area_sqm": 88.6
   },
   "geometry": {
    "type": "Polygon",
    "coordinates": [
     [
      [
       39.2001399,
       -7.1154395
      ],
      [
       39.200135,
       -7.1153902
      ],
      [
       39.2000367,
       -7.1152986
      ],
      [
       39.2000367,
       -7.1154395
      ],
      [
       39.2001399,
       -7.1154395
      ]
     ]
    ]
   }
  },
  {
   "type": "Feature",
   "properties": {
    "plot_number": "08",
    "area_sqm": 242.2
   },
   "geometry": {
    "type": "Polygon",
    "coordinates": [
     [
      [
       39.2001816,
       -7.1178496
      ],
      [
       39.2002084,
       -7.1178772
      ],
      [
       39.2003682,
       -7.1179087
      ],
      [
       39.200393,
       -7.117889
      ],
      [
       39.200393,
       -7.1177827
      ],
      [
       39.2001836,
       -7.1177807
      ],
      [
       39.2001816,
       -7.1178496
      ]
     ]
    ]
   }
  },
  {
   "type": "Feature",
   "properties": {
    "plot_number": "28",
    "area_sqm": 147.8
   },
   "geometry": {
    "type": "Polygon",
    "coordinates": [
     [
      [
       39.2001826,
       -7.1177748
      ],
      [
       39.2002838,
       -7.1177738
      ],
      [
       39.2002828,
       -7.1176379
      ],
      [
       39.2001816,
       -7.1176389
      ],
      [
       39.2001826,
       -7.1177748
      ]
     ]
    ]
   }
  },
  {
   "type": "Feature",
   "properties": {
    "plot_number": "84",
    "area_sqm": 148.9
   },
   "geometry": {
    "type": "Polygon",
    "coordinates": [
     [
      [
       39.2001836,
       -7.117632
      ],
      [
       39.2002838,
       -7.11763
      ],
      [
       39.2002828,
       -7.1174941
      ],
      [
       39.2001826,
       -7.1174941
      ],
      [
       39.2001836,
       -7.117632
      ]
     ]
    ]
   }
  },
  {
   "type": "Feature",
   "properties": {
    "plot_number": "98",
    "area_sqm": 143.3
   },
   "geometry": {
    "type": "Polygon",
    "coordinates": [
     [
      [
       39.2001836,
       -7.1174882
      ],
      [
       39.2002828,
       -7.1174882
      ],
      [
       39.2002828,
       -7.1173503
      ],
      [
       39.2001836,
       -7.1173651
      ],
      [
       39.2001836,
       -7.1174882
      ]
     ]
    ]
   }
  },
  {
   "type": "Feature",
   "properties": {
    "plot_number": "88",
    "area_sqm": 140.6
   },
   "geometry": {
    "type": "Polygon",
    "coordinates": [
     [
      [
       39.2002064,
       -7.1173197
      ],
      [
       39.2002838,
       -7.1173188
      ],
      [
       39.2002828,
       -7.1171828
      ],
      [
       39.2001826,
       -7.1171828
      ],
      [
       39.2001816,
       -7.1172932
      ],
      [
       39.2002064,
       -7.1173197
      ]
     ]
    ]
   }
  },
  {
   "type": "Feature",
   "properties": {
    "plot_number": "06",
    "area_sqm": 148.9
   },
   "geometry": {
    "type": "Polygon",
    "coordinates": [
     [
      [
       39.2001836,
       -7.1171769
      ],
      [
       39.2002828,
       -7.1171769
      ],
      [
       39.2002828,
       -7.117039
      ],
      [
       39.2001816,
       -7.117041
      ],
      [
       39.2001836,
       -7.1171769
      ]
     ]
    ]
   }
  },
  {
   "type": "Feature",
   "properties": {
    "plot_number": "26",
    "area_sqm": 149.5
   },
   "geometry": {
    "type": "Polygon",
    "coordinates": [
     [
      [
       39.2001836,
       -7.1170331
      ],
      [
       39.2002828,
       -7.1170331
      ],
      [
       39.2002828,
       -7.1168952
      ],
      [
       39.2001816,
       -7.1168972
      ],
      [
       39.2001836,
       -7.1170331
      ]
     ]
    ]
   }
  },
  {
   "type": "Feature",
   "properties": {
    "plot_number": "94",
    "area_sqm": 158.1
   },
   "geometry": {
    "type": "Polygon",
    "coordinates": [
     [
      [
       39.2001836,
       -7.1168893
      ],
      [
       39.2002838,
       -7.1168883
      ],
      [
       39.2002828,
       -7.1167396
      ],
      [
       39.2002054,
       -7.1167396
      ],
      [
       39.2001816,
       -7.1167593
      ],
      [
       39.2001836,
       -7.1168893
      ]
     ]
    ]
   }
  },
  {
   "type": "Feature",
   "properties": {
    "plot_number": "109",
    "area_sqm": 141.3
   },
   "geometry": {
    "type": "Polygon",
    "coordinates": [
     [
      [
       39.2001816,
       -7.1166244
      ],
      [
       39.2002838,
       -7.1166273
      ],
      [
       39.2002828,
       -7.1164973
      ],
      [
       39.2002521,
       -7.1165091
      ],
      [
       39.2001816,
       -7.1164993
      ],
      [
       39.2001816,
       -7.1166244
      ]
     ]
    ]
   }
  },
  {
   "type": "Feature",
   "properties": {
    "plot_number": "111",
    "area_sqm": 142.4
   },
   "geometry": {
    "type": "Polygon",
    "coordinates": [
     [
      [
       39.2001816,
       -7.1164865
      ],
      [
       39.2002828,
       -7.1164914
      ],
      [
       39.2002819,
       -7.1163594
      ],
      [
       39.2002521,
       -7.1163712
      ],
      [
       39.2001816,
       -7.1163614
      ],
      [
       39.2001816,
       -7.1164865
      ]
     ]
    ]
   }
  },
  {
   "type": "Feature",
   "properties": {
    "plot_number": "113",
    "area_sqm": 161.1
   },
   "geometry": {
    "type": "Polygon",
    "coordinates": [
     [
      [
       39.2001816,
       -7.1163486
      ],
      [
       39.2002838,
       -7.1163525
      ],
      [
       39.2002819,
       -7.1162068
      ],
      [
       39.2002273,
       -7.1162068
      ],
      [
       39.2002521,
       -7.1162205
      ],
      [
       39.2001816,
       -7.1162087
      ],
      [
       39.2001816,
       -7.1163486
      ]
     ]
    ]
   }
  },
  {
   "type": "Feature",
   "properties": {
    "plot_number": "115",
    "area_sqm": 163.1
   },
   "geometry": {
    "type": "Polygon",
    "coordinates": [
     [
      [
       39.2001816,
       -7.1161959
      ],
      [
       39.2002838,
       -7.1161999
      ],
      [
       39.2002828,
       -7.1160511
      ],
      [
       39.2002541,
       -7.1160511
      ],
      [
       39.2002511,
       -7.1160639
      ],
      [
       39.2001816,
       -7.1160531
      ],
      [
       39.2001816,
       -7.1161959
      ]
     ]
    ]
   }
  },
  {
   "type": "Feature",
   "properties": {
    "plot_number": "117",
    "area_sqm": 142.7
   },
   "geometry": {
    "type": "Polygon",
    "coordinates": [
     [
      [
       39.2001816,
       -7.1160403
      ],
      [
       39.2002838,
       -7.1160442
      ],
      [
       39.2002819,
       -7.1159132
      ],
      [
       39.2002541,
       -7.1159132
      ],
      [
       39.2002521,
       -7.1159251
      ],
      [
       39.2001816,
       -7.1159152
      ],
      [
       39.2001816,
       -7.1160403
      ]
     ]
    ]
   }
  },
  {
   "type": "Feature",
   "properties": {
    "plot_number": "119",
    "area_sqm": 140.6
   },
   "geometry": {
    "type": "Polygon",
    "coordinates": [
     [
      [
       39.2001816,
       -7.1159024
      ],
      [
       39.2002838,
       -7.1159063
      ],
      [
       39.2002828,
       -7.1157763
      ],
      [
       39.2002541,
       -7.1157763
      ],
      [
       39.2002511,
       -7.1157891
      ],
      [
       39.2001816,
       -7.1157783
      ],
      [
       39.2001816,
       -7.1159024
      ]
     ]
    ]
   }
  },
  {
   "type": "Feature",
   "properties": {
    "plot_number": "121",
    "area_sqm": 137.9
   },
   "geometry": {
    "type": "Polygon",
    "coordinates": [
     [
      [
       39.2001816,
       -7.1157655
      ],
      [
       39.2002828,
       -7.1157704
      ],
      [
       39.2002838,
       -7.1156522
      ],
      [
       39.200263,
       -7.1156591
      ],
      [
       39.2002828,
       -7.1156384
      ],
      [
       39.2001816,
       -7.1156404
      ],
      [
       39.2001816,
       -7.1157655
      ]
     ]
    ]
   }
  },
  {
   "type": "Feature",
   "properties": {
    "plot_number": "122",
    "area_sqm": 119.9
   },
   "geometry": {
    "type": "Polygon",
    "coordinates": [
     [
      [
       39.2002828,
       -7.1156325
      ],
      [
       39.200262,
       -7.1155931
      ],
      [
       39.2002769,
       -7.1155656
      ],
      [
       39.2001816,
       -7.1154464
      ],
      [
       39.2001816,
       -7.1156276
      ],
      [
       39.2002828,
       -7.1156325
      ]
     ]
    ]
   }
  },
  {
   "type": "Feature",
   "properties": {
    "plot_number": "81",
    "area_sqm": 144.5
   },
   "geometry": {
    "type": "Polygon",
    "coordinates": [
     [
      [
       39.2002918,
       -7.1177748
      ],
      [
       39.200393,
       -7.1177728
      ],
      [
       39.200391,
       -7.1176379
      ],
      [
       39.2002898,
       -7.1176389
      ],
      [
       39.2002918,
       -7.1177748
      ]
     ]
    ]
   }
  },
  {
   "type": "Feature",
   "properties": {
    "plot_number": "83",
    "area_sqm": 145.3
   },
   "geometry": {
    "type": "Polygon",
    "coordinates": [
     [
      [
       39.2002898,
       -7.11763
      ],
      [
       39.200393,
       -7.117629
      ],
      [
       39.2003801,
       -7.1175827
      ],
      [
       39.200391,
       -7.1174941
      ],
      [
       39.2002898,
       -7.1174951
      ],
      [
       39.2002898,
       -7.11763
      ]
     ]
    ]
   }
  },
  {
   "type": "Feature",
   "properties": {
    "plot_number": "85",
    "area_sqm": 137.4
   },
   "geometry": {
    "type": "Polygon",
    "coordinates": [
     [
      [
       39.2002918,
       -7.1174882
      ],
      [
       39.200393,
       -7.1174852
      ],
      [
       39.200393,
       -7.1173729
      ],
      [
       39.2003732,
       -7.1173503
      ],
      [
       39.2002898,
       -7.1173522
      ],
      [
       39.2002918,
       -7.1174882
      ]
     ]
    ]
   }
  },
  {
   "type": "Feature",
   "properties": {
    "plot_number": "28",
    "area_sqm": 137.3
   },
   "geometry": {
    "type": "Polygon",
    "coordinates": [
     [
      [
       39.2002918,
       -7.1173197
      ],
      [
       39.2003652,
       -7.1173197
      ],
      [
       39.200393,
       -7.1172981
      ],
      [
       39.200391,
       -7.1171828
      ],
      [
       39.2002898,
       -7.1171838
      ],
      [
       39.2002918,
       -7.1173197
      ]
     ]
    ]
   }
  },
  {
   "type": "Feature",
   "properties": {
    "plot_number": "68",
    "area_sqm": 142.5
   },
   "geometry": {
    "type": "Polygon",
    "coordinates": [
     [
      [
       39.2002918,
       -7.1171769
      ],
      [
       39.200393,
       -7.1171641
      ],
      [
       39.200391,
       -7.117039
      ],
      [
       39.2002898,
       -7.117041
      ],
      [
       39.2002918,
       -7.1171769
      ]
     ]
    ]
   }
  },
  {
   "type": "Feature",
   "properties": {
    "plot_number": "91",
    "area_sqm": 143.4
   },
   "geometry": {
    "type": "Polygon",
    "coordinates": [
     [
      [
       39.2002918,
       -7.1170331
      ],
      [
       39.200393,
       -7.1170203
      ],
      [
       39.200391,
       -7.1168952
      ],
      [
       39.2002898,
       -7.1168972
      ],
      [
       39.2002918,
       -7.1170331
      ]
     ]
    ]
   }
  },
  {
   "type": "Feature",
   "properties": {
    "plot_number": "93",
    "area_sqm": 150.2
   },
   "geometry": {
    "type": "Polygon",
    "coordinates": [
     [
      [
       39.2002918,
       -7.1168893
      ],
      [
       39.200393,
       -7.1168765
      ],
      [
       39.200393,
       -7.1167633
      ],
      [
       39.2003732,
       -7.1167396
      ],
      [
       39.2002898,
       -7.1167416
      ],
      [
       39.2002918,
       -7.1168893
      ]
     ]
    ]
   }
  },
  {
   "type": "Feature",
   "properties": {
    "plot_number": "108",
    "area_sqm": 134.8
   },
   "geometry": {
    "type": "Polygon",
    "coordinates": [
     [
      [
       39.2002898,
       -7.1166273
      ],
      [
       39.200393,
       -7.1166165
      ],
      [
       39.200391,
       -7.1164973
      ],
      [
       39.2002898,
       -7.1164993
      ],
      [
       39.2002898,
       -7.1166273
      ]
     ]
    ]
   }
  },
  {
   "type": "Feature",
   "properties": {
    "plot_number": "110",
    "area_sqm": 136.3
   },
   "geometry": {
    "type": "Polygon",
    "coordinates": [
     [
      [
       39.2002908,
       -7.1164904
      ],
      [
       39.200393,
       -7.1164865
      ],
      [
       39.200391,
       -7.1163594
      ],
      [
       39.2002898,
       -7.1163614
      ],
      [
       39.2002908,
       -7.1164904
      ]
     ]
    ]
   }
  },
  {
   "type": "Feature",
   "properties": {
    "plot_number": "112",
    "area_sqm": 155.0
   },
   "geometry": {
    "type": "Polygon",
    "coordinates": [
     [
      [
       39.2002908,
       -7.1163525
      ],
      [
       39.200393,
       -7.1163427
      ],
      [
       39.200391,
       -7.1162068
      ],
      [
       39.2002898,
       -7.1162087
      ],
      [
       39.2002908,
       -7.1163525
      ]
     ]
    ]
   }
  },
  {
   "type": "Feature",
   "properties": {
    "plot_number": "114",
    "area_sqm": 157.5
   },
   "geometry": {
    "type": "Polygon",
    "coordinates": [
     [
      [
       39.2002908,
       -7.1161999
      ],
      [
       39.200393,
       -7.11619
      ],
      [
       39.200391,
       -7.1160511
      ],
      [
       39.2002898,
       -7.1160531
      ],
      [
       39.2002908,
       -7.1161999
      ]
     ]
    ]
   }
  },
  {
   "type": "Feature",
   "properties": {
    "plot_number": "116",
    "area_sqm": 135.9
   },
   "geometry": {
    "type": "Polygon",
    "coordinates": [
     [
      [
       39.2002898,
       -7.1160442
      ],
      [
       39.200393,
       -7.1160433
      ],
      [
       39.20039,
       -7.1159132
      ],
      [
       39.2002898,
       -7.1159152
      ],
      [
       39.2002898,
       -7.1160442
      ]
     ]
    ]
   }
  },
  {
   "type": "Feature",
   "properties": {
    "plot_number": "118",
    "area_sqm": 131.3
   },
   "geometry": {
    "type": "Polygon",
    "coordinates": [
     [
      [
       39.2002898,
       -7.1159063
      ],
      [
       39.200393,
       -7.1158975
      ],
      [
       39.200393,
       -7.115864
      ],
      [
       39.2003811,
       -7.115863
      ],
      [
       39.200393,
       -7.1157872
      ],
      [
       39.2002898,
       -7.1157783
      ],
      [
       39.2002898,
       -7.1159063
      ]
     ]
    ]
   }
  },
  {
   "type": "Feature",
   "properties": {
    "plot_number": "120",
    "area_sqm": 102.4
   },
   "geometry": {
    "type": "Polygon",
    "coordinates": [
     [
      [
       39.2003851,
       -7.1157704
      ],
      [
       39.20039,
       -7.115733
      ],
      [
       39.2003494,
       -7.1156729
      ],
      [
       39.2003355,
       -7.1156798
      ],
      [
       39.2003017,
       -7.115602
      ],
      [
       39.2002898,
       -7.1157685
      ],
      [
       39.2003851,
       -7.1157704
      ]
     ]
    ]
   }
  },
  {
   "type": "Feature",
   "properties": {
    "plot_number": "65",
    "area_sqm": 142.9
   },
   "geometry": {
    "type": "Polygon",
    "coordinates": [
     [
      [
       39.2004367,
       -7.1179087
      ],
      [
       39.200532,
       -7.1179176
      ],
      [
       39.200532,
       -7.1177827
      ],
      [
       39.2004288,
       -7.1177827
      ],
      [
       39.2004367,
       -7.1179087
      ]
     ]
    ]
   }
  },
  {
   "type": "Feature",
   "properties": {
    "plot_number": "29",
    "area_sqm": 150.2
   },
   "geometry": {
    "type": "Polygon",
    "coordinates": [
     [
      [
       39.2004307,
       -7.1177748
      ],
      [
       39.200532,
       -7.1177728
      ],
      [
       39.20053,
       -7.1176379
      ],
      [
       39.2004288,
       -7.1176389
      ],
      [
       39.2004307,
       -7.1177748
      ]
     ]
    ]
   }
  },
  {
   "type": "Feature",
   "properties": {
    "plot_number": "69",
    "area_sqm": 150.5
   },
   "geometry": {
    "type": "Polygon",
    "coordinates": [
     [
      [
       39.2004307,
       -7.117632
      ],
      [
       39.200532,
       -7.117629
      ],
      [
       39.20053,
       -7.1174941
      ],
      [
       39.2004288,
       -7.1174951
      ],
      [
       39.2004307,
       -7.117632
      ]
     ]
    ]
   }
  },
  {
   "type": "Feature",
   "properties": {
    "plot_number": "71",
    "area_sqm": 166.8
   },
   "geometry": {
    "type": "Polygon",
    "coordinates": [
     [
      [
       39.2004307,
       -7.1174882
      ],
      [
       39.200532,
       -7.1174852
      ],
      [
       39.20053,
       -7.1173385
      ],
      [
       39.2004288,
       -7.1173394
      ],
      [
       39.2004307,
       -7.1174882
      ]
     ]
    ]
   }
  },
  {
   "type": "Feature",
   "properties": {
    "plot_number": "73",
    "area_sqm": 165.6
   },
   "geometry": {
    "type": "Polygon",
    "coordinates": [
     [
      [
       39.2004307,
       -7.1173325
      ],
      [
       39.2004337,
       -7.1173197
      ],
      [
       39.200532,
       -7.1173296
      ],
      [
       39.20053,
       -7.1171828
      ],
      [
       39.2004992,
       -7.1171947
      ],
      [
       39.2004288,
       -7.1171838
      ],
      [
       39.2004307,
       -7.1173325
      ]
     ]
    ]
   }
  },
  {
   "type": "Feature",
   "properties": {
    "plot_number": "75",
    "area_sqm": 151.5
   },
   "geometry": {
    "type": "Polygon",
    "coordinates": [
     [
      [
       39.2004307,
       -7.1171769
      ],
      [
       39.2004337,
       -7.1171641
      ],
      [
       39.200532,
       -7.117174
      ],
      [
       39.20053,
       -7.117039
      ],
      [
       39.2004288,
       -7.117041
      ],
      [
       39.2004307,
       -7.1171769
      ]
     ]
    ]
   }
  },
  {
   "type": "Feature",
   "properties": {
    "plot_number": "7",
    "area_sqm": 151.4
   },
   "geometry": {
    "type": "Polygon",
    "coordinates": [
     [
      [
       39.2004307,
       -7.1170331
      ],
      [
       39.200532,
       -7.1170312
      ],
      [
       39.2005121,
       -7.1170105
      ],
      [
       39.200532,
       -7.1170075
      ],
      [
       39.20053,
       -7.1168952
      ],
      [
       39.2004288,
       -7.1168972
      ],
      [
       39.2004307,
       -7.1170331
      ]
     ]
    ]
   }
  },
  {
   "type": "Feature",
   "properties": {
    "plot_number": "79",
    "area_sqm": 159.6
   },
   "geometry": {
    "type": "Polygon",
    "coordinates": [
     [
      [
       39.2004307,
       -7.1168893
      ],
      [
       39.200532,
       -7.1168874
      ],
      [
       39.20053,
       -7.1167396
      ],
      [
       39.2004526,
       -7.1167396
      ],
      [
       39.2004288,
       -7.1167593
      ],
      [
       39.2004307,
       -7.1168893
      ]
     ]
    ]
   }
  },
  {
   "type": "Feature",
   "properties": {
    "plot_number": "103",
    "area_sqm": 81.7
   },
   "geometry": {
    "type": "Polygon",
    "coordinates": [
     [
      [
       39.2004307,
       -7.1165899
      ],
      [
       39.2005191,
       -7.1165889
      ],
      [
       39.2005181,
       -7.1164885
      ],
      [
       39.2004288,
       -7.1164904
      ],
      [
       39.2004307,
       -7.1165899
      ]
     ]
    ]
   }
  },
  {
   "type": "Feature",
   "properties": {
    "plot_number": "104",
    "area_sqm": 80.2
   },
   "geometry": {
    "type": "Polygon",
    "coordinates": [
     [
      [
       39.2004307,
       -7.1164825
      ],
      [
       39.2005191,
       -7.1164806
      ],
      [
       39.2005171,
       -7.1163801
      ],
      [
       39.2004516,
       -7.1163801
      ],
      [
       39.2004407,
       -7.1164077
      ],
      [
       39.2004288,
       -7.1164008
      ],
      [
       39.2004307,
       -7.1164825
      ]
     ]
    ]
   }
  },
  {
   "type": "Feature",
   "properties": {
    "plot_number": "105",
    "area_sqm": 1325.7
   },
   "geometry": {
    "type": "Polygon",
    "coordinates": [
     [
      [
       39.2008923,
       -7.1163446
      ],
      [
       39.2004972,
       -7.1159625
      ],
      [
       39.2004367,
       -7.1158197
      ],
      [
       39.2004377,
       -7.1163318
      ],
      [
       39.2008923,
       -7.1163446
      ]
     ]
    ]
   }
  },
  {
   "type": "Feature",
   "properties": {
    "plot_number": "101",
    "area_sqm": 242.5
   },
   "geometry": {
    "type": "Polygon",
    "coordinates": [
     [
      [
       39.200525,
       -7.1166963
      ],
      [
       39.200664,
       -7.1166963
      ],
      [
       39.200662,
       -7.1165416
      ],
      [
       39.200527,
       -7.1165416
      ],
      [
       39.200525,
       -7.1166963
      ]
     ]
    ]
   }
  },
  {
   "type": "Feature",
   "properties": {
    "plot_number": "100",
    "area_sqm": 244.8
   },
   "geometry": {
    "type": "Polygon",
    "coordinates": [
     [
      [
       39.200525,
       -7.1165347
      ],
      [
       39.200664,
       -7.1165347
      ],
      [
       39.200662,
       -7.1163801
      ],
      [
       39.200525,
       -7.1163821
      ],
      [
       39.200525,
       -7.1165347
      ]
     ]
    ]
   }
  },
  {
   "type": "Feature",
   "properties": {
    "plot_number": "64",
    "area_sqm": 132.2
   },
   "geometry": {
    "type": "Polygon",
    "coordinates": [
     [
      [
       39.2005389,
       -7.1179196
      ],
      [
       39.2006154,
       -7.1179117
      ],
      [
       39.2006402,
       -7.1178851
      ],
      [
       39.2006382,
       -7.1177807
      ],
      [
       39.2005389,
       -7.1177807
      ],
      [
       39.2005389,
       -7.1179196
      ]
     ]
    ]
   }
  },
  {
   "type": "Feature",
   "properties": {
    "plot_number": "99",
    "area_sqm": 142.3
   },
   "geometry": {
    "type": "Polygon",
    "coordinates": [
     [
      [
       39.2005389,
       -7.1177748
      ],
      [
       39.2006402,
       -7.1177728
      ],
      [
       39.2006402,
       -7.1176389
      ],
      [
       39.2005379,
       -7.1176389
      ],
      [
       39.2005389,
       -7.1177748
      ]
     ]
    ]
   }
  },
  {
   "type": "Feature",
   "properties": {
    "plot_number": "89",
    "area_sqm": 143.8
   },
   "geometry": {
    "type": "Polygon",
    "coordinates": [
     [
      [
       39.2005399,
       -7.117632
      ],
      [
       39.2005489,
       -7.1176182
      ],
      [
       39.2006382,
       -7.117632
      ],
      [
       39.2006382,
       -7.1174941
      ],
      [
       39.2005379,
       -7.1174951
      ],
      [
       39.2005399,
       -7.117632
      ]
     ]
    ]
   }
  },
  {
   "type": "Feature",
   "properties": {
    "plot_number": "02",
    "area_sqm": 158.2
   },
   "geometry": {
    "type": "Polygon",
    "coordinates": [
     [
      [
       39.2005389,
       -7.1174882
      ],
      [
       39.2006402,
       -7.1174862
      ],
      [
       39.2006382,
       -7.1173385
      ],
      [
       39.2005379,
       -7.1173394
      ],
      [
       39.2005389,
       -7.1174882
      ]
     ]
    ]
   }
  },
  {
   "type": "Feature",
   "properties": {
    "plot_number": "72",
    "area_sqm": 158.5
   },
   "geometry": {
    "type": "Polygon",
    "coordinates": [
     [
      [
       39.2005389,
       -7.1173325
      ],
      [
       39.2006402,
       -7.1173306
      ],
      [
       39.2006382,
       -7.1171828
      ],
      [
       39.2005379,
       -7.1171838
      ],
      [
       39.2005389,
       -7.1173325
      ]
     ]
    ]
   }
  },
  {
   "type": "Feature",
   "properties": {
    "plot_number": "74",
    "area_sqm": 143.8
   },
   "geometry": {
    "type": "Polygon",
    "coordinates": [
     [
      [
       39.2005389,
       -7.1171769
      ],
      [
       39.2005429,
       -7.1171631
      ],
      [
       39.2006402,
       -7.117175
      ],
      [
       39.2006382,
       -7.117039
      ],
      [
       39.2005379,
       -7.11704
      ],
      [
       39.2005389,
       -7.1171769
      ]
     ]
    ]
   }
  },
  {
   "type": "Feature",
   "properties": {
    "plot_number": "76",
    "area_sqm": 144.4
   },
   "geometry": {
    "type": "Polygon",
    "coordinates": [
     [
      [
       39.2005389,
       -7.1170331
      ],
      [
       39.2005429,
       -7.1170193
      ],
      [
       39.2006402,
       -7.1170312
      ],
      [
       39.2006382,
       -7.1168952
      ],
      [
       39.2005379,
       -7.1168962
      ],
      [
       39.2005389,
       -7.1170331
      ]
     ]
    ]
   }
  },
  {
   "type": "Feature",
   "properties": {
    "plot_number": "82",
    "area_sqm": 153.0
   },
   "geometry": {
    "type": "Polygon",
    "coordinates": [
     [
      [
       39.2005389,
       -7.1168893
      ],
      [
       39.2006402,
       -7.1168874
      ],
      [
       39.2006243,
       -7.1167416
      ],
      [
       39.2005389,
       -7.1167396
      ],
      [
       39.2005389,
       -7.1168893
      ]
     ]
    ]
   }
  },
  {
   "type": "Feature",
   "properties": {
    "plot_number": "66",
    "area_sqm": 241.2
   },
   "geometry": {
    "type": "Polygon",
    "coordinates": [
     [
      [
       39.200671,
       -7.1166973
      ],
      [
       39.2008089,
       -7.1166963
      ],
      [
       39.2008069,
       -7.1165416
      ],
      [
       39.2006719,
       -7.1165416
      ],
      [
       39.200671,
       -7.1166973
      ]
     ]
    ]
   }
  },
  {
   "type": "Feature",
   "properties": {
    "plot_number": "86",
    "area_sqm": 242.5
   },
   "geometry": {
    "type": "Polygon",
    "coordinates": [
     [
      [
       39.20067,
       -7.1165347
      ],
      [
       39.2006759,
       -7.1165239
      ],
      [
       39.2006978,
       -7.1165357
      ],
      [
       39.2008089,
       -7.1165347
      ],
      [
       39.2008069,
       -7.1163801
      ],
      [
       39.20067,
       -7.1163821
      ],
      [
       39.20067,
       -7.1165347
      ]
     ]
    ]
   }
  },
  {
   "type": "Feature",
   "properties": {
    "plot_number": "35",
    "area_sqm": 180.7
   },
   "geometry": {
    "type": "Polygon",
    "coordinates": [
     [
      [
       39.2006779,
       -7.1172538
      ],
      [
       39.2006799,
       -7.1174163
      ],
      [
       39.2006839,
       -7.1174025
      ],
      [
       39.2006948,
       -7.1174163
      ],
      [
       39.2007772,
       -7.1174163
      ],
      [
       39.2007791,
       -7.1172567
      ],
      [
       39.2006779,
       -7.1172538
      ]
     ]
    ]
   }
  },
  {
   "type": "Feature",
   "properties": {
    "plot_number": "7",
    "area_sqm": 149.9
   },
   "geometry": {
    "type": "Polygon",
    "coordinates": [
     [
      [
       39.2006799,
       -7.1172478
      ],
      [
       39.2007791,
       -7.1172469
      ],
      [
       39.2007772,
       -7.1171109
      ],
      [
       39.2006759,
       -7.1171129
      ],
      [
       39.2006799,
       -7.1172478
      ]
     ]
    ]
   }
  },
  {
   "type": "Feature",
   "properties": {
    "plot_number": "59",
    "area_sqm": 150.9
   },
   "geometry": {
    "type": "Polygon",
    "coordinates": [
     [
      [
       39.2006799,
       -7.117105
      ],
      [
       39.2007791,
       -7.1171031
      ],
      [
       39.2007772,
       -7.1169671
      ],
      [
       39.2006759,
       -7.1169691
      ],
      [
       39.2006799,
       -7.117105
      ]
     ]
    ]
   }
  },
  {
   "type": "Feature",
   "properties": {
    "plot_number": "61",
    "area_sqm": 151.7
   },
   "geometry": {
    "type": "Polygon",
    "coordinates": [
     [
      [
       39.2006799,
       -7.1169612
      ],
      [
       39.2007791,
       -7.1169593
      ],
      [
       39.2007772,
       -7.1168233
      ],
      [
       39.2006759,
       -7.1168253
      ],
      [
       39.2006799,
       -7.1169612
      ]
     ]
    ]
   }
  },
  {
   "type": "Feature",
   "properties": {
    "plot_number": "49",
    "area_sqm": 208.8
   },
   "geometry": {
    "type": "Polygon",
    "coordinates": [
     [
      [
       39.2007027,
       -7.1179028
      ],
      [
       39.2007791,
       -7.117894
      ],
      [
       39.2007772,
       -7.1177088
      ],
      [
       39.2006769,
       -7.1177108
      ],
      [
       39.2006769,
       -7.1178772
      ],
      [
       39.2007027,
       -7.1179028
      ]
     ]
    ]
   }
  },
  {
   "type": "Feature",
   "properties": {
    "plot_number": "51",
    "area_sqm": 149.3
   },
   "geometry": {
    "type": "Polygon",
    "coordinates": [
     [
      [
       39.2006799,
       -7.1177029
      ],
      [
       39.2007791,
       -7.1177009
      ],
      [
       39.2007772,
       -7.117565
      ],
      [
       39.2006779,
       -7.117565
      ],
      [
       39.2006799,
       -7.1177029
      ]
     ]
    ]
   }
  },
  {
   "type": "Feature",
   "properties": {
    "plot_number": "53",
    "area_sqm": 147.2
   },
   "geometry": {
    "type": "Polygon",
    "coordinates": [
     [
      [
       39.2006799,
       -7.1175591
      ],
      [
       39.2007791,
       -7.1175581
      ],
      [
       39.2007772,
       -7.1174222
      ],
      [
       39.2006769,
       -7.1174232
      ],
      [
       39.2006799,
       -7.1175591
      ]
     ]
    ]
   }
  },
  {
   "type": "Feature",
   "properties": {
    "plot_number": "48",
    "area_sqm": 192.2
   },
   "geometry": {
    "type": "Polygon",
    "coordinates": [
     [
      [
       39.2007851,
       -7.117895
      ],
      [
       39.2008625,
       -7.1178881
      ],
      [
       39.2008873,
       -7.1178615
      ],
      [
       39.2008854,
       -7.1177088
      ],
      [
       39.2007851,
       -7.1177108
      ],
      [
       39.2007851,
       -7.117895
      ]
     ]
    ]
   }
  },
  {
   "type": "Feature",
   "properties": {
    "plot_number": "0",
    "area_sqm": 142.7
   },
   "geometry": {
    "type": "Polygon",
    "coordinates": [
     [
      [
       39.2007911,
       -7.1177029
      ],
      [
       39.2008873,
       -7.1177009
      ],
      [
       39.2008734,
       -7.1176527
      ],
      [
       39.2008854,
       -7.117565
      ],
      [
       39.2007851,
       -7.117567
      ],
      [
       39.2007911,
       -7.1177029
      ]
     ]
    ]
   }
  },
  {
   "type": "Feature",
   "properties": {
    "plot_number": "52",
    "area_sqm": 141.4
   },
   "geometry": {
    "type": "Polygon",
    "coordinates": [
     [
      [
       39.2007911,
       -7.1175591
      ],
      [
       39.200794,
       -7.1175463
      ],
      [
       39.2008873,
       -7.1175581
      ],
      [
       39.2008734,
       -7.1175089
      ],
      [
       39.2008854,
       -7.1174222
      ],
      [
       39.2007851,
       -7.1174232
      ],
      [
       39.2007911,
       -7.1175591
      ]
     ]
    ]
   }
  },
  {
   "type": "Feature",
   "properties": {
    "plot_number": null,
    "area_sqm": 174.0
   },
   "geometry": {
    "type": "Polygon",
    "coordinates": [
     [
      [
       39.2007911,
       -7.1174163
      ],
      [
       39.2008873,
       -7.1174143
      ],
      [
       39.2008854,
       -7.1172538
      ],
      [
       39.2007851,
       -7.1172557
      ],
      [
       39.2007911,
       -7.1174163
      ]
     ]
    ]
   }
  },
  {
   "type": "Feature",
   "properties": {
    "plot_number": null,
    "area_sqm": 142.1
   },
   "geometry": {
    "type": "Polygon",
    "coordinates": [
     [
      [
       39.2007911,
       -7.1172478
      ],
      [
       39.200795,
       -7.117235
      ],
      [
       39.2008873,
       -7.1172469
      ],
      [
       39.2008734,
       -7.1171976
      ],
      [
       39.2008854,
       -7.1171109
      ],
      [
       39.2007851,
       -7.1171119
      ],
      [
       39.2007911,
       -7.1172478
      ]
     ]
    ]
   }
  },
  {
   "type": "Feature",
   "properties": {
    "plot_number": "58",
    "area_sqm": 143.3
   },
   "geometry": {
    "type": "Polygon",
    "coordinates": [
     [
      [
       39.2007911,
       -7.117105
      ],
      [
       39.200795,
       -7.1170912
      ],
      [
       39.2008873,
       -7.1171031
      ],
      [
       39.2008734,
       -7.1170538
      ],
      [
       39.2008854,
       -7.1169671
      ],
      [
       39.2007851,
       -7.1169681
      ],
      [
       39.2007911,
       -7.117105
      ]
     ]
    ]
   }
  },
  {
   "type": "Feature",
   "properties": {
    "plot_number": "09",
    "area_sqm": 143.3
   },
   "geometry": {
    "type": "Polygon",
    "coordinates": [
     [
      [
       39.2007911,
       -7.1169612
      ],
      [
       39.2008873,
       -7.1169593
      ],
      [
       39.2008734,
       -7.116911
      ],
      [
       39.2008854,
       -7.1168233
      ],
      [
       39.2007861,
       -7.1168233
      ],
      [
       39.2007911,
       -7.1169612
      ]
     ]
    ]
   }
  },
  {
   "type": "Feature",
   "properties": {
    "plot_number": "26",
    "area_sqm": 241.6
   },
   "geometry": {
    "type": "Polygon",
    "coordinates": [
     [
      [
       39.2008159,
       -7.1166973
      ],
      [
       39.2009538,
       -7.1166963
      ],
      [
       39.2009519,
       -7.1165416
      ],
      [
       39.2008149,
       -7.1165436
      ],
      [
       39.2008159,
       -7.1166973
      ]
     ]
    ]
   }
  },
  {
   "type": "Feature",
   "properties": {
    "plot_number": "96",
    "area_sqm": 338.6
   },
   "geometry": {
    "type": "Polygon",
    "coordinates": [
     [
      [
       39.2008149,
       -7.1163821
      ],
      [
       39.2008149,
       -7.1165347
      ],
      [
       39.2010918,
       -7.1165357
      ],
      [
       39.2009251,
       -7.1163801
      ],
      [
       39.2008149,
       -7.1163821
      ]
     ]
    ]
   }
  },
  {
   "type": "Feature",
   "properties": {
    "plot_number": "41",
    "area_sqm": 169.7
   },
   "geometry": {
    "type": "Polygon",
    "coordinates": [
     [
      [
       39.2009251,
       -7.1173325
      ],
      [
       39.2010263,
       -7.1173306
      ],
      [
       39.2010243,
       -7.1171828
      ],
      [
       39.2009955,
       -7.1171828
      ],
      [
       39.2009945,
       -7.1171947
      ],
      [
       39.2009231,
       -7.1171848
      ],
      [
       39.2009251,
       -7.1173325
      ]
     ]
    ]
   }
  },
  {
   "type": "Feature",
   "properties": {
    "plot_number": "43",
    "area_sqm": 154.5
   },
   "geometry": {
    "type": "Polygon",
    "coordinates": [
     [
      [
       39.2009251,
       -7.1171769
      ],
      [
       39.2010263,
       -7.117175
      ],
      [
       39.2010243,
       -7.117039
      ],
      [
       39.2009965,
       -7.117039
      ],
      [
       39.2009926,
       -7.1170509
      ],
      [
       39.2009231,
       -7.117041
      ],
      [
       39.2009251,
       -7.1171769
      ]
     ]
    ]
   }
  },
  {
   "type": "Feature",
   "properties": {
    "plot_number": "45",
    "area_sqm": 154.6
   },
   "geometry": {
    "type": "Polygon",
    "coordinates": [
     [
      [
       39.2009251,
       -7.1170331
      ],
      [
       39.2010263,
       -7.1170312
      ],
      [
       39.2010243,
       -7.1168952
      ],
      [
       39.2009955,
       -7.1168952
      ],
      [
       39.2009935,
       -7.1169071
      ],
      [
       39.2009231,
       -7.1168972
      ],
      [
       39.2009251,
       -7.1170331
      ]
     ]
    ]
   }
  },
  {
   "type": "Feature",
   "properties": {
    "plot_number": "47",
    "area_sqm": 163.1
   },
   "geometry": {
    "type": "Polygon",
    "coordinates": [
     [
      [
       39.2009251,
       -7.1168893
      ],
      [
       39.2010263,
       -7.1168874
      ],
      [
       39.2010243,
       -7.1167396
      ],
      [
       39.2009469,
       -7.1167396
      ],
      [
       39.200934,
       -7.1167672
      ],
      [
       39.2009231,
       -7.1167593
      ],
      [
       39.2009251,
       -7.1168893
      ]
     ]
    ]
   }
  },
  {
   "type": "Feature",
   "properties": {
    "plot_number": "33",
    "area_sqm": 89.1
   },
   "geometry": {
    "type": "Polygon",
    "coordinates": [
     [
      [
       39.200926,
       -7.1178674
      ],
      [
       39.2010243,
       -7.1178723
      ],
      [
       39.2010263,
       -7.1177827
      ],
      [
       39.2009251,
       -7.1177807
      ],
      [
       39.200926,
       -7.1178674
      ]
     ]
    ]
   }
  },
  {
   "type": "Feature",
   "properties": {
    "plot_number": "35",
    "area_sqm": 152.2
   },
   "geometry": {
    "type": "Polygon",
    "coordinates": [
     [
      [
       39.2009251,
       -7.1177748
      ],
      [
       39.2010263,
       -7.1177728
      ],
      [
       39.2010243,
       -7.1176369
      ],
      [
       39.2009945,
       -7.1176369
      ],
      [
       39.2009926,
       -7.1176497
      ],
      [
       39.2009251,
       -7.1176369
      ],
      [
       39.2009251,
       -7.1177748
      ]
     ]
    ]
   }
  },
  {
   "type": "Feature",
   "properties": {
    "plot_number": "37",
    "area_sqm": 152.6
   },
   "geometry": {
    "type": "Polygon",
    "coordinates": [
     [
      [
       39.2009251,
       -7.117631
      ],
      [
       39.2010263,
       -7.117629
      ],
      [
       39.2010243,
       -7.1174931
      ],
      [
       39.2009945,
       -7.1174931
      ],
      [
       39.2009926,
       -7.1175059
      ],
      [
       39.2009251,
       -7.1174931
      ],
      [
       39.2009251,
       -7.117631
      ]
     ]
    ]
   }
  },
  {
   "type": "Feature",
   "properties": {
    "plot_number": "39",
    "area_sqm": 165.9
   },
   "geometry": {
    "type": "Polygon",
    "coordinates": [
     [
      [
       39.2009251,
       -7.1174872
      ],
      [
       39.2010263,
       -7.1174862
      ],
      [
       39.2010243,
       -7.1173385
      ],
      [
       39.2009241,
       -7.1173394
      ],
      [
       39.2009251,
       -7.1174872
      ]
     ]
    ]
   }
  },
  {
   "type": "Feature",
   "properties": {
    "plot_number": "95",
    "area_sqm": 394.3
   },
   "geometry": {
    "type": "Polygon",
    "coordinates": [
     [
      [
       39.2009598,
       -7.1165436
      ],
      [
       39.2009608,
       -7.1166973
      ],
      [
       39.2012655,
       -7.1166973
      ],
      [
       39.2011017,
       -7.1165446
      ],
      [
       39.2009598,
       -7.1165436
      ]
     ]
    ]
   }
  },
  {
   "type": "Feature",
   "properties": {
    "plot_number": "34",
    "area_sqm": 143.9
   },
   "geometry": {
    "type": "Polygon",
    "coordinates": [
     [
      [
       39.2010323,
       -7.117764
      ],
      [
       39.2011345,
       -7.1177738
      ],
      [
       39.2011325,
       -7.1176369
      ],
      [
       39.2010323,
       -7.1176389
      ],
      [
       39.2010323,
       -7.117764
      ]
     ]
    ]
   }
  },
  {
   "type": "Feature",
   "properties": {
    "plot_number": "36",
    "area_sqm": 143.7
   },
   "geometry": {
    "type": "Polygon",
    "coordinates": [
     [
      [
       39.2010323,
       -7.1176202
      ],
      [
       39.2011345,
       -7.11763
      ],
      [
       39.2011325,
       -7.1174931
      ],
      [
       39.2010323,
       -7.1174951
      ],
      [
       39.2010323,
       -7.1176202
      ]
     ]
    ]
   }
  },
  {
   "type": "Feature",
   "properties": {
    "plot_number": "38",
    "area_sqm": 157.4
   },
   "geometry": {
    "type": "Polygon",
    "coordinates": [
     [
      [
       39.2011345,
       -7.1174862
      ],
      [
       39.2011335,
       -7.1173385
      ],
      [
       39.2010323,
       -7.1173394
      ],
      [
       39.2010323,
       -7.1174764
      ],
      [
       39.2011345,
       -7.1174862
      ]
     ]
    ]
   }
  },
  {
   "type": "Feature",
   "properties": {
    "plot_number": "40",
    "area_sqm": 159.1
   },
   "geometry": {
    "type": "Polygon",
    "coordinates": [
     [
      [
       39.2010481,
       -7.1173325
      ],
      [
       39.2011345,
       -7.1173306
      ],
      [
       39.2011335,
       -7.1171828
      ],
      [
       39.2010323,
       -7.1171838
      ],
      [
       39.2010323,
       -7.1173207
      ],
      [
       39.2010481,
       -7.1173325
      ]
     ]
    ]
   }
  },
  {
   "type": "Feature",
   "properties": {
    "plot_number": "42",
    "area_sqm": 145.1
   },
   "geometry": {
    "type": "Polygon",
    "coordinates": [
     [
      [
       39.2010392,
       -7.1171769
      ],
      [
       39.2011345,
       -7.117175
      ],
      [
       39.2011325,
       -7.117039
      ],
      [
       39.2010323,
       -7.11704
      ],
      [
       39.2010392,
       -7.1171769
      ]
     ]
    ]
   }
  },
  {
   "type": "Feature",
   "properties": {
    "plot_number": "44",
    "area_sqm": 145.2
   },
   "geometry": {
    "type": "Polygon",
    "coordinates": [
     [
      [
       39.2010481,
       -7.1170331
      ],
      [
       39.2011345,
       -7.1170312
      ],
      [
       39.2011325,
       -7.1168952
      ],
      [
       39.2010323,
       -7.1168962
      ],
      [
       39.2010323,
       -7.1170213
      ],
      [
       39.2010481,
       -7.1170331
      ]
     ]
    ]
   }
  },
  {
   "type": "Feature",
   "properties": {
    "plot_number": "46",
    "area_sqm": 153.8
   },
   "geometry": {
    "type": "Polygon",
    "coordinates": [
     [
      [
       39.2010481,
       -7.1168893
      ],
      [
       39.2011345,
       -7.1168874
      ],
      [
       39.2011196,
       -7.1167416
      ],
      [
       39.2010323,
       -7.1167416
      ],
      [
       39.2010323,
       -7.1168775
      ],
      [
       39.2010481,
       -7.1168893
      ]
     ]
    ]
   }
  },
  {
   "type": "Feature",
   "properties": {
    "plot_number": "17",
    "area_sqm": 138.9
   },
   "geometry": {
    "type": "Polygon",
    "coordinates": [
     [
      [
       39.2011762,
       -7.1178368
      ],
      [
       39.201199,
       -7.1178487
      ],
      [
       39.2012735,
       -7.1178319
      ],
      [
       39.2012715,
       -7.1177088
      ],
      [
       39.2011722,
       -7.1177088
      ],
      [
       39.2011762,
       -7.1178368
      ]
     ]
    ]
   }
  },
  {
   "type": "Feature",
   "properties": {
    "plot_number": "19",
    "area_sqm": 152.4
   },
   "geometry": {
    "type": "Polygon",
    "coordinates": [
     [
      [
       39.2011722,
       -7.1177029
      ],
      [
       39.2012735,
       -7.1177009
      ],
      [
       39.2012715,
       -7.117565
      ],
      [
       39.2012417,
       -7.117565
      ],
      [
       39.2012407,
       -7.1175778
      ],
      [
       39.2011722,
       -7.117565
      ],
      [
       39.2011722,
       -7.1177029
      ]
     ]
    ]
   }
  },
  {
   "type": "Feature",
   "properties": {
    "plot_number": "21",
    "area_sqm": 151.4
   },
   "geometry": {
    "type": "Polygon",
    "coordinates": [
     [
      [
       39.2011722,
       -7.1175591
      ],
      [
       39.2012735,
       -7.1175581
      ],
      [
       39.2012715,
       -7.1174222
      ],
      [
       39.2012417,
       -7.1174222
      ],
      [
       39.2012407,
       -7.117435
      ],
      [
       39.2011712,
       -7.1174232
      ],
      [
       39.2011722,
       -7.1175591
      ]
     ]
    ]
   }
  },
  {
   "type": "Feature",
   "properties": {
    "plot_number": "23",
    "area_sqm": 183.2
   },
   "geometry": {
    "type": "Polygon",
    "coordinates": [
     [
      [
       39.2011722,
       -7.1174163
      ],
      [
       39.2012735,
       -7.1174143
      ],
      [
       39.2012715,
       -7.1172538
      ],
      [
       39.2012427,
       -7.1172538
      ],
      [
       39.2012407,
       -7.1172656
      ],
      [
       39.2011712,
       -7.1172557
      ],
      [
       39.2011722,
       -7.1174163
      ]
     ]
    ]
   }
  },
  {
   "type": "Feature",
   "properties": {
    "plot_number": "14",
    "area_sqm": 151.1
   },
   "geometry": {
    "type": "Polygon",
    "coordinates": [
     [
      [
       39.2011722,
       -7.1172478
      ],
      [
       39.2012735,
       -7.1172469
      ],
      [
       39.2012715,
       -7.1171109
      ],
      [
       39.2012427,
       -7.1171109
      ],
      [
       39.2012417,
       -7.1171228
      ],
      [
       39.2011712,
       -7.1171119
      ],
      [
       39.2011722,
       -7.1172478
      ]
     ]
    ]
   }
  },
  {
   "type": "Feature",
   "properties": {
    "plot_number": "27",
    "area_sqm": 152.8
   },
   "geometry": {
    "type": "Polygon",
    "coordinates": [
     [
      [
       39.2011722,
       -7.117105
      ],
      [
       39.2012735,
       -7.1171031
      ],
      [
       39.2012715,
       -7.1169671
      ],
      [
       39.2012437,
       -7.1169671
      ],
      [
       39.2012397,
       -7.116979
      ],
      [
       39.2011712,
       -7.1169681
      ],
      [
       39.2011722,
       -7.117105
      ]
     ]
    ]
   }
  },
  {
   "type": "Feature",
   "properties": {
    "plot_number": "62",
    "area_sqm": 146.5
   },
   "geometry": {
    "type": "Polygon",
    "coordinates": [
     [
      [
       39.2011722,
       -7.1169612
      ],
      [
       39.2012735,
       -7.1169593
      ],
      [
       39.2012556,
       -7.1169435
      ],
      [
       39.2012735,
       -7.1169297
      ],
      [
       39.2012715,
       -7.1168292
      ],
      [
       39.2011722,
       -7.1168292
      ],
      [
       39.2011722,
       -7.1169612
      ]
     ]
    ]
   }
  },
  {
   "type": "Feature",
   "properties": {
    "plot_number": "16",
    "area_sqm": 107.4
   },
   "geometry": {
    "type": "Polygon",
    "coordinates": [
     [
      [
       39.2012794,
       -7.1178319
      ],
      [
       39.2013578,
       -7.1178162
      ],
      [
       39.2013816,
       -7.1177905
      ],
      [
       39.2013797,
       -7.1177088
      ],
      [
       39.2012794,
       -7.1177108
      ],
      [
       39.2012794,
       -7.1178319
      ]
     ]
    ]
   }
  },
  {
   "type": "Feature",
   "properties": {
    "plot_number": "18",
    "area_sqm": 145.0
   },
   "geometry": {
    "type": "Polygon",
    "coordinates": [
     [
      [
       39.2012804,
       -7.1177029
      ],
      [
       39.2013816,
       -7.1177019
      ],
      [
       39.2013797,
       -7.117565
      ],
      [
       39.2012794,
       -7.117567
      ],
      [
       39.2012804,
       -7.1177029
      ]
     ]
    ]
   }
  },
  {
   "type": "Feature",
   "properties": {
    "plot_number": "02",
    "area_sqm": 143.1
   },
   "geometry": {
    "type": "Polygon",
    "coordinates": [
     [
      [
       39.2012804,
       -7.1175591
      ],
      [
       39.2013816,
       -7.1175581
      ],
      [
       39.2013687,
       -7.1175089
      ],
      [
       39.2013807,
       -7.1174222
      ],
      [
       39.2013489,
       -7.117435
      ],
      [
       39.2012794,
       -7.1174232
      ],
      [
       39.2012804,
       -7.1175591
      ]
     ]
    ]
   }
  },
  {
   "type": "Feature",
   "properties": {
    "plot_number": "22",
    "area_sqm": 175.7
   },
   "geometry": {
    "type": "Polygon",
    "coordinates": [
     [
      [
       39.2012804,
       -7.1174153
      ],
      [
       39.2013816,
       -7.1174143
      ],
      [
       39.2013618,
       -7.1173985
      ],
      [
       39.2013816,
       -7.1173877
      ],
      [
       39.2013797,
       -7.1172538
      ],
      [
       39.2012794,
       -7.1172557
      ],
      [
       39.2012804,
       -7.1174153
      ]
     ]
    ]
   }
  },
  {
   "type": "Feature",
   "properties": {
    "plot_number": "24",
    "area_sqm": 144.2
   },
   "geometry": {
    "type": "Polygon",
    "coordinates": [
     [
      [
       39.2012804,
       -7.1172478
      ],
      [
       39.2013816,
       -7.1172469
      ],
      [
       39.2013687,
       -7.1171976
      ],
      [
       39.2013807,
       -7.1171109
      ],
      [
       39.2012794,
       -7.1171119
      ],
      [
       39.2012804,
       -7.1172478
      ]
     ]
    ]
   }
  },
  {
   "type": "Feature",
   "properties": {
    "plot_number": "92",
    "area_sqm": 145.1
   },
   "geometry": {
    "type": "Polygon",
    "coordinates": [
     [
      [
       39.2012804,
       -7.117104
      ],
      [
       39.2013816,
       -7.1171031
      ],
      [
       39.2013797,
       -7.1169671
      ],
      [
       39.2012794,
       -7.1169681
      ],
      [
       39.2012804,
       -7.117104
      ]
     ]
    ]
   }
  },
  {
   "type": "Feature",
   "properties": {
    "plot_number": "82",
    "area_sqm": 138.1
   },
   "geometry": {
    "type": "Polygon",
    "coordinates": [
     [
      [
       39.2012804,
       -7.1169602
      ],
      [
       39.2013816,
       -7.1169593
      ],
      [
       39.2013797,
       -7.1168292
      ],
      [
       39.2012794,
       -7.1168312
      ],
      [
       39.2012804,
       -7.1169602
      ]
     ]
    ]
   }
  },
  {
   "type": "Feature",
   "properties": {
    "plot_number": "10",
    "area_sqm": 153.0
   },
   "geometry": {
    "type": "Polygon",
    "coordinates": [
     [
      [
       39.2014462,
       -7.1177984
      ],
      [
       39.2015206,
       -7.11776
      ],
      [
       39.2015186,
       -7.1176369
      ],
      [
       39.2014184,
       -7.1176389
      ],
      [
       39.2014184,
       -7.1177787
      ],
      [
       39.2014462,
       -7.1177984
      ]
     ]
    ]
   }
  },
  {
   "type": "Feature",
   "properties": {
    "plot_number": "11",
    "area_sqm": 147.8
   },
   "geometry": {
    "type": "Polygon",
    "coordinates": [
     [
      [
       39.2014194,
       -7.117631
      ],
      [
       39.2015206,
       -7.117629
      ],
      [
       39.2015077,
       -7.1175827
      ],
      [
       39.2015186,
       -7.1174931
      ],
      [
       39.2014879,
       -7.1175059
      ],
      [
       39.2014184,
       -7.1174951
      ],
      [
       39.2014194,
       -7.117631
      ]
     ]
    ]
   }
  },
  {
   "type": "Feature",
   "properties": {
    "plot_number": "12",
    "area_sqm": 161.2
   },
   "geometry": {
    "type": "Polygon",
    "coordinates": [
     [
      [
       39.2014194,
       -7.1174872
      ],
      [
       39.2015206,
       -7.1174862
      ],
      [
       39.2015206,
       -7.117435
      ],
      [
       39.2015077,
       -7.117433
      ],
      [
       39.2015186,
       -7.1173385
      ],
      [
       39.2014184,
       -7.1173394
      ],
      [
       39.2014194,
       -7.1174872
      ]
     ]
    ]
   }
  },
  {
   "type": "Feature",
   "properties": {
    "plot_number": "13",
    "area_sqm": 152.2
   },
   "geometry": {
    "type": "Polygon",
    "coordinates": [
     [
      [
       39.2014204,
       -7.1173325
      ],
      [
       39.2015206,
       -7.1173306
      ],
      [
       39.2015186,
       -7.1171907
      ],
      [
       39.2014184,
       -7.1171927
      ],
      [
       39.2014204,
       -7.1173325
      ]
     ]
    ]
   }
  },
  {
   "type": "Feature",
   "properties": {
    "plot_number": "14",
    "area_sqm": 146.1
   },
   "geometry": {
    "type": "Polygon",
    "coordinates": [
     [
      [
       39.2014194,
       -7.1171848
      ],
      [
       39.2015206,
       -7.1171838
      ],
      [
       39.2015186,
       -7.1170479
      ],
      [
       39.2014184,
       -7.1170489
      ],
      [
       39.2014194,
       -7.1171848
      ]
     ]
    ]
   }
  },
  {
   "type": "Feature",
   "properties": {
    "plot_number": "15",
    "area_sqm": 168.1
   },
   "geometry": {
    "type": "Polygon",
    "coordinates": [
     [
      [
       39.2015186,
       -7.117042
      ],
      [
       39.2015206,
       -7.1169366
      ],
      [
       39.2014432,
       -7.1168834
      ],
      [
       39.2014184,
       -7.1168391
      ],
      [
       39.2014184,
       -7.11704
      ],
      [
       39.2015186,
       -7.117042
      ]
     ]
    ]
   }
  },
  {
   "type": "Feature",
   "properties": {
    "plot_number": "7",
    "area_sqm": 97.3
   },
   "geometry": {
    "type": "Polygon",
    "coordinates": [
     [
      [
       39.2015563,
       -7.1173129
      ],
      [
       39.2015583,
       -7.1173759
      ],
      [
       39.2017142,
       -7.1173759
      ],
      [
       39.2016943,
       -7.1173552
      ],
      [
       39.2017082,
       -7.1173493
      ],
      [
       39.2016983,
       -7.1173109
      ],
      [
       39.2015563,
       -7.1173129
      ]
     ]
    ]
   }
  },
  {
   "type": "Feature",
   "properties": {
    "plot_number": "8",
    "area_sqm": 104.5
   },
   "geometry": {
    "type": "Polygon",
    "coordinates": [
     [
      [
       39.2015563,
       -7.117303
      ],
      [
       39.2016983,
       -7.117305
      ],
      [
       39.2016943,
       -7.1172843
      ],
      [
       39.2016745,
       -7.117302
      ],
      [
       39.2016824,
       -7.1172321
      ],
      [
       39.2015583,
       -7.1172301
      ],
      [
       39.2015563,
       -7.117303
      ]
     ]
    ]
   }
  },
  {
   "type": "Feature",
   "properties": {
    "plot_number": "6",
    "area_sqm": 132.8
   },
   "geometry": {
    "type": "Polygon",
    "coordinates": [
     [
      [
       39.2016794,
       -7.1172242
      ],
      [
       39.2015563,
       -7.1170262
      ],
      [
       39.2015563,
       -7.1172222
      ],
      [
       39.2016794,
       -7.1172242
      ]
     ]
    ]
   }
  },
  {
   "type": "Feature",
   "properties": {
    "plot_number": "2",
    "area_sqm": 110.5
   },
   "geometry": {
    "type": "Polygon",
    "coordinates": [
     [
      [
       39.2015573,
       -7.1177512
      ],
      [
       39.2015881,
       -7.1177699
      ],
      [
       39.2016139,
       -7.1177512
      ],
      [
       39.2016933,
       -7.1177482
      ],
      [
       39.2016953,
       -7.1176783
      ],
      [
       39.2015583,
       -7.1176763
      ],
      [
       39.2015573,
       -7.1177512
      ]
     ]
    ]
   }
  },
  {
   "type": "Feature",
   "properties": {
    "plot_number": "3",
    "area_sqm": 98.2
   },
   "geometry": {
    "type": "Polygon",
    "coordinates": [
     [
      [
       39.2015573,
       -7.1176694
      ],
      [
       39.2016933,
       -7.1176704
      ],
      [
       39.2016824,
       -7.1176142
      ],
      [
       39.2016953,
       -7.1175995
      ],
      [
       39.2015583,
       -7.1175985
      ],
      [
       39.2015573,
       -7.1176694
      ]
     ]
    ]
   }
  },
  {
   "type": "Feature",
   "properties": {
    "plot_number": "4",
    "area_sqm": 138.2
   },
   "geometry": {
    "type": "Polygon",
    "coordinates": [
     [
      [
       39.2015573,
       -7.1175266
      ],
      [
       39.2015583,
       -7.1175926
      ],
      [
       39.2017628,
       -7.1175926
      ],
      [
       39.2017449,
       -7.1175798
      ],
      [
       39.2017469,
       -7.1175256
      ],
      [
       39.2015573,
       -7.1175266
      ]
     ]
    ]
   }
  },
  {
   "type": "Feature",
   "properties": {
    "plot_number": "5",
    "area_sqm": 125.1
   },
   "geometry": {
    "type": "Polygon",
    "coordinates": [
     [
      [
       39.2015573,
       -7.1174547
      ],
      [
       39.2015583,
       -7.1175197
      ],
      [
       39.2017469,
       -7.1175197
      ],
      [
       39.2017251,
       -7.1174911
      ],
      [
       39.20174,
       -7.1174901
      ],
      [
       39.201731,
       -7.1174537
      ],
      [
       39.2015573,
       -7.1174547
      ]
     ]
    ]
   }
  },
  {
   "type": "Feature",
   "properties": {
    "plot_number": null,
    "area_sqm": 109.5
   },
   "geometry": {
    "type": "Polygon",
    "coordinates": [
     [
      [
       39.2015573,
       -7.1173828
      ],
      [
       39.2015583,
       -7.1174478
      ],
      [
       39.201731,
       -7.1174468
      ],
      [
       39.2017251,
       -7.1174202
      ],
      [
       39.2017122,
       -7.117434
      ],
      [
       39.2017142,
       -7.1173818
      ],
      [
       39.2015573,
       -7.1173828
      ]
     ]
    ]
   }
  },
  {
   "type": "Feature",
   "properties": {
    "plot_number": "1",
    "area_sqm": 110.0
   },
   "geometry": {
    "type": "Polygon",
    "coordinates": [
     [
      [
       39.2017013,
       -7.1177462
      ],
      [
       39.2017936,
       -7.1177275
      ],
      [
       39.2017638,
       -7.1175985
      ],
      [
       39.2017013,
       -7.1175995
      ],
      [
       39.2017191,
       -7.1176615
      ],
      [
       39.2017013,
       -7.1177462
      ]
     ]
    ]
   }
  }
 ]
}